config_key,family,scenario_id,self_label,trace_top,trace_len,score_utilitarian,score_deontological,score_virtue_ethics,score_care_ethics,score_contractualist
claude_light,claude,TP01,utilitarian,,56,0,0,0,0,0
claude_light,claude,TP03,deontological,utilitarian,1008,3,1,0,0,0
claude_light,claude,TP04,deontological,,94,0,0,0,0,0
claude_light,claude,TP06,utilitarian,,124,0,0,0,0,0
claude_light,claude,TP07,deontological,,112,0,0,0,0,0
claude_light,claude,TP08,utilitarian,,78,0,0,0,0,0
claude_light,claude,TP09,deontological,,104,0,0,0,0,0
claude_light,claude,TP10,deontological,,53,0,0,0,0,0
claude_light,claude,TP11,utilitarian,,65,0,0,0,0,0
claude_light,claude,TP13,contractualist,,110,0,0,0,0,0
claude_light,claude,TP14,utilitarian,,70,0,0,0,0,0
claude_light,claude,TP15,utilitarian,,69,0,0,0,0,0
claude_light,claude,MF01,utilitarian,utilitarian,82,1,0,0,0,0
claude_light,claude,MF02,utilitarian,,64,0,0,0,0,0
claude_light,claude,MF03,contractualist,utilitarian,1193,4,0,0,2,1
claude_light,claude,MF04,utilitarian,utilitarian,113,1,1,0,0,0
claude_light,claude,MF05,utilitarian,,104,0,0,0,0,0
claude_light,claude,MF06,deontological,,56,0,0,0,0,0
claude_light,claude,MF07,deontological,,100,0,0,0,0,0
claude_light,claude,MF08,contractualist,,93,0,0,0,0,0
claude_light,claude,MF09,contractualist,,73,0,0,0,0,0
claude_light,claude,MF10,contractualist,,93,0,0,0,0,0
claude_light,claude,MF11,utilitarian,,65,0,0,0,0,0
claude_light,claude,MF12,deontological,,99,0,0,0,0,0
claude_light,claude,MF13,deontological,,90,0,0,0,0,0
claude_light,claude,MF14,contractualist,,70,0,0,0,0,0
claude_light,claude,MF15,deontological,,106,0,0,0,0,0
claude_light,claude,MF16,utilitarian,,101,0,0,0,0,0
claude_light,claude,MF17,virtue_ethics,,113,0,0,0,0,0
claude_light,claude,MF18,utilitarian,,152,0,0,0,0,0
claude_light,claude,MF19,contractualist,virtue_ethics,215,0,0,1,0,0
claude_light,claude,MF20,utilitarian,,95,0,0,0,0,0
claude_light,claude,MF21,contractualist,,99,0,0,0,0,0
claude_light,claude,MF22,contractualist,,66,0,0,0,0,0
claude_light,claude,MF23,care_ethics,,89,0,0,0,0,0
claude_light,claude,MF24,utilitarian,,112,0,0,0,0,0
claude_light,claude,MF25,utilitarian,,70,0,0,0,0,0
claude_light,claude,PC02a,utilitarian,,62,0,0,0,0,0
claude_light,claude,PC02b,utilitarian,,67,0,0,0,0,0
claude_light,claude,PC03a,virtue_ethics,,120,0,0,0,0,0
claude_light,claude,PC03b,care_ethics,,118,0,0,0,0,0
claude_light,claude,PC04a,deontological,,57,0,0,0,0,0
claude_light,claude,PC04b,deontological,,94,0,0,0,0,0
claude_light,claude,PC05a,contractualist,,71,0,0,0,0,0
claude_light,claude,PC05b,contractualist,,108,0,0,0,0,0
claude_light,claude,PC06a,contractualist,,58,0,0,0,0,0
claude_light,claude,PC06b,contractualist,,93,0,0,0,0,0
claude_light,claude,PC07a,contractualist,,105,0,0,0,0,0
claude_light,claude,PC07b,contractualist,,105,0,0,0,0,0
claude_light,claude,PC08a,utilitarian,,84,0,0,0,0,0
claude_light,claude,PC08b,utilitarian,,111,0,0,0,0,0
claude_light,claude,PC09a,deontological,,66,0,0,0,0,0
claude_light,claude,PC09b,deontological,,90,0,0,0,0,0
claude_light,claude,PC10a,utilitarian,,68,0,0,0,0,0
claude_light,claude,PC10b,utilitarian,,77,0,0,0,0,0
claude_light,claude,DS01a,deontological,,125,0,0,0,0,0
claude_light,claude,DS01b,deontological,,159,0,0,0,0,0
claude_light,claude,DS01c,deontological,,94,0,0,0,0,0
claude_light,claude,DS02a,utilitarian,,90,0,0,0,0,0
claude_light,claude,DS02b,utilitarian,,74,0,0,0,0,0
claude_light,claude,DS02c,deontological,,52,0,0,0,0,0
claude_light,claude,DS03a,deontological,,86,0,0,0,0,0
claude_light,claude,DS03b,deontological,,959,0,0,0,0,0
claude_light,claude,DS03c,deontological,,483,0,0,0,0,0
claude_light,claude,DS04a,deontological,,140,0,0,0,0,0
claude_light,claude,DS04b,deontological,,105,0,0,0,0,0
claude_light,claude,DS04c,deontological,,174,0,0,0,0,0
claude_light,claude,DS05a,deontological,,107,0,0,0,0,0
claude_light,claude,DS05b,deontological,,128,0,0,0,0,0
claude_light,claude,DS05c,deontological,,116,0,0,0,0,0
claude_light,claude,DS06a,utilitarian,,87,0,0,0,0,0
claude_light,claude,DS06b,utilitarian,,142,0,0,0,0,0
claude_light,claude,DS06c,utilitarian,,96,0,0,0,0,0
claude_light,claude,DS07a,utilitarian,,92,0,0,0,0,0
claude_light,claude,DS07b,utilitarian,,84,0,0,0,0,0
claude_light,claude,DS07c,contractualist,contractualist,1189,1,1,0,0,4
claude_light,claude,DS08a,deontological,,244,0,0,0,0,0
claude_light,claude,DS08b,deontological,,72,0,0,0,0,0
claude_light,claude,DS08c,deontological,,176,0,0,0,0,0
claude_light,claude,DS09a,deontological,,156,0,0,0,0,0
claude_light,claude,DS09b,deontological,,165,0,0,0,0,0
claude_light,claude,DS09c,deontological,,151,0,0,0,0,0
claude_light,claude,DS10a,contractualist,care_ethics,83,0,0,0,1,0
claude_light,claude,DS10b,deontological,care_ethics,72,0,0,0,1,0
claude_light,claude,DS10c,contractualist,care_ethics,145,0,0,0,1,0
claude_light,claude,CD01,utilitarian,,76,0,0,0,0,0
claude_light,claude,CD02,deontological,,121,0,0,0,0,0
claude_light,claude,CD03,deontological,,94,0,0,0,0,0
claude_light,claude,CD04,utilitarian,,109,0,0,0,0,0
claude_light,claude,CD05,utilitarian,,107,0,0,0,0,0
claude_light,claude,CD06,contractualist,,87,0,0,0,0,0
claude_light,claude,CD07,utilitarian,,117,0,0,0,0,0
claude_light,claude,CD08,contractualist,,82,0,0,0,0,0
claude_light,claude,CD09,contractualist,,83,0,0,0,0,0
claude_light,claude,CD10,deontological,,84,0,0,0,0,0
claude_light,claude,TP01,utilitarian,,59,0,0,0,0,0
claude_light,claude,TP02,deontological,,80,0,0,0,0,0
claude_light,claude,TP03,deontological,,159,0,0,0,0,0
claude_light,claude,TP04,deontological,,92,0,0,0,0,0
claude_light,claude,TP05,utilitarian,,58,0,0,0,0,0
claude_light,claude,TP06,utilitarian,,111,0,0,0,0,0
claude_light,claude,TP07,deontological,,123,0,0,0,0,0
claude_light,claude,TP08,utilitarian,,85,0,0,0,0,0
claude_light,claude,TP09,deontological,,119,0,0,0,0,0
claude_light,claude,TP10,deontological,,53,0,0,0,0,0
claude_light,claude,TP11,utilitarian,,67,0,0,0,0,0
claude_light,claude,TP13,contractualist,,110,0,0,0,0,0
claude_light,claude,TP15,utilitarian,utilitarian,586,1,1,0,0,0
claude_light,claude,MF01,utilitarian,,89,0,0,0,0,0
claude_light,claude,MF02,utilitarian,,64,0,0,0,0,0
claude_light,claude,MF03,contractualist,utilitarian,1164,4,0,1,2,0
claude_light,claude,MF05,utilitarian,,174,0,0,0,0,0
claude_light,claude,MF06,deontological,,77,0,0,0,0,0
claude_light,claude,MF07,deontological,,95,0,0,0,0,0
claude_light,claude,MF08,contractualist,,87,0,0,0,0,0
claude_light,claude,MF09,deontological,,75,0,0,0,0,0
claude_light,claude,MF10,contractualist,,93,0,0,0,0,0
claude_light,claude,MF11,utilitarian,,73,0,0,0,0,0
claude_light,claude,MF12,deontological,,66,0,0,0,0,0
claude_light,claude,MF13,deontological,,90,0,0,0,0,0
claude_light,claude,MF14,contractualist,,70,0,0,0,0,0
claude_light,claude,MF15,deontological,,82,0,0,0,0,0
claude_light,claude,MF16,utilitarian,,101,0,0,0,0,0
claude_light,claude,MF17,virtue_ethics,,150,0,0,0,0,0
claude_light,claude,MF18,utilitarian,,118,0,0,0,0,0
claude_light,claude,MF19,contractualist,,150,0,0,0,0,0
claude_light,claude,MF20,utilitarian,,102,0,0,0,0,0
claude_light,claude,MF21,contractualist,,97,0,0,0,0,0
claude_light,claude,MF22,contractualist,,93,0,0,0,0,0
claude_light,claude,MF23,care_ethics,deontological,83,0,1,0,0,0
claude_light,claude,MF24,utilitarian,deontological,129,0,1,0,0,0
claude_light,claude,MF25,utilitarian,,66,0,0,0,0,0
claude_light,claude,PC02a,utilitarian,,64,0,0,0,0,0
claude_light,claude,PC02b,utilitarian,,64,0,0,0,0,0
claude_light,claude,PC03a,virtue_ethics,,120,0,0,0,0,0
claude_light,claude,PC03b,care_ethics,,113,0,0,0,0,0
claude_light,claude,PC04a,deontological,,59,0,0,0,0,0
claude_light,claude,PC04b,deontological,,94,0,0,0,0,0
claude_light,claude,PC05a,contractualist,,63,0,0,0,0,0
claude_light,claude,PC05b,contractualist,,92,0,0,0,0,0
claude_light,claude,PC06a,contractualist,,70,0,0,0,0,0
claude_light,claude,PC06b,contractualist,,73,0,0,0,0,0
claude_light,claude,PC07a,contractualist,,99,0,0,0,0,0
claude_light,claude,PC07b,contractualist,,107,0,0,0,0,0
claude_light,claude,PC08a,utilitarian,,65,0,0,0,0,0
claude_light,claude,PC08b,deontological,,257,0,0,0,0,0
claude_light,claude,PC09a,deontological,,98,0,0,0,0,0
claude_light,claude,PC09b,deontological,,83,0,0,0,0,0
claude_light,claude,PC10a,utilitarian,,67,0,0,0,0,0
claude_light,claude,PC10b,utilitarian,,77,0,0,0,0,0
claude_light,claude,DS01a,deontological,,90,0,0,0,0,0
claude_light,claude,DS01b,deontological,,122,0,0,0,0,0
claude_light,claude,DS01c,deontological,,103,0,0,0,0,0
claude_light,claude,DS02a,utilitarian,,70,0,0,0,0,0
claude_light,claude,DS02b,utilitarian,,100,0,0,0,0,0
claude_light,claude,DS02c,deontological,,123,0,0,0,0,0
claude_light,claude,DS03a,deontological,,86,0,0,0,0,0
claude_light,claude,DS03b,deontological,,1246,0,0,0,0,0
claude_light,claude,DS03c,deontological,,434,0,0,0,0,0
claude_light,claude,DS04a,deontological,,140,0,0,0,0,0
claude_light,claude,DS04b,deontological,,169,0,0,0,0,0
claude_light,claude,DS04c,deontological,,158,0,0,0,0,0
claude_light,claude,DS05a,deontological,,138,0,0,0,0,0
claude_light,claude,DS05b,deontological,,133,0,0,0,0,0
claude_light,claude,DS05c,deontological,,128,0,0,0,0,0
claude_light,claude,DS06a,utilitarian,,88,0,0,0,0,0
claude_light,claude,DS06b,utilitarian,,184,0,0,0,0,0
claude_light,claude,DS06c,utilitarian,,91,0,0,0,0,0
claude_light,claude,DS07a,utilitarian,,94,0,0,0,0,0
claude_light,claude,DS07b,utilitarian,,92,0,0,0,0,0
claude_light,claude,DS07c,utilitarian,,92,0,0,0,0,0
claude_light,claude,DS08a,deontological,,226,0,0,0,0,0
claude_light,claude,DS08b,deontological,,119,0,0,0,0,0
claude_light,claude,DS08c,deontological,,85,0,0,0,0,0
claude_light,claude,DS09a,deontological,,154,0,0,0,0,0
claude_light,claude,DS09b,deontological,,142,0,0,0,0,0
claude_light,claude,DS09c,deontological,,153,0,0,0,0,0
claude_light,claude,DS10a,contractualist,care_ethics,73,0,0,0,1,0
claude_light,claude,DS10b,deontological,care_ethics,89,0,0,0,1,0
claude_light,claude,DS10c,contractualist,care_ethics,83,0,0,0,1,0
claude_light,claude,CD01,utilitarian,,76,0,0,0,0,0
claude_light,claude,CD02,deontological,,79,0,0,0,0,0
claude_light,claude,CD03,deontological,,85,0,0,0,0,0
claude_light,claude,CD04,utilitarian,,109,0,0,0,0,0
claude_light,claude,CD05,utilitarian,,107,0,0,0,0,0
claude_light,claude,CD06,contractualist,,138,0,0,0,0,0
claude_light,claude,CD07,utilitarian,,161,0,0,0,0,0
claude_light,claude,CD08,contractualist,,67,0,0,0,0,0
claude_light,claude,CD09,contractualist,,69,0,0,0,0,0
claude_light,claude,CD10,deontological,,113,0,0,0,0,0
claude_light,claude,TP01,utilitarian,,58,0,0,0,0,0
claude_light,claude,TP02,deontological,,67,0,0,0,0,0
claude_light,claude,TP03,deontological,utilitarian,350,1,0,0,0,0
claude_light,claude,TP04,deontological,,94,0,0,0,0,0
claude_light,claude,TP06,utilitarian,,137,0,0,0,0,0
claude_light,claude,TP07,deontological,,111,0,0,0,0,0
claude_light,claude,TP08,utilitarian,,76,0,0,0,0,0
claude_light,claude,TP09,deontological,,93,0,0,0,0,0
claude_light,claude,TP10,deontological,,53,0,0,0,0,0
claude_light,claude,TP11,utilitarian,,96,0,0,0,0,0
claude_light,claude,TP13,contractualist,,110,0,0,0,0,0
claude_light,claude,TP14,utilitarian,,69,0,0,0,0,0
claude_light,claude,TP15,utilitarian,,69,0,0,0,0,0
claude_light,claude,MF01,utilitarian,,96,0,0,0,0,0
claude_light,claude,MF02,utilitarian,,64,0,0,0,0,0
claude_light,claude,MF03,care_ethics,care_ethics,1051,3,0,0,4,1
claude_light,claude,MF04,utilitarian,,72,0,0,0,0,0
claude_light,claude,MF05,utilitarian,,173,0,0,0,0,0
claude_light,claude,MF06,deontological,,69,0,0,0,0,0
claude_light,claude,MF07,contractualist,,156,0,0,0,0,0
claude_light,claude,MF08,contractualist,,87,0,0,0,0,0
claude_light,claude,MF09,deontological,,111,0,0,0,0,0
claude_light,claude,MF10,contractualist,utilitarian,102,1,0,0,0,0
claude_light,claude,MF11,utilitarian,,65,0,0,0,0,0
claude_light,claude,MF12,deontological,,99,0,0,0,0,0
claude_light,claude,MF13,deontological,,90,0,0,0,0,0
claude_light,claude,MF14,contractualist,,70,0,0,0,0,0
claude_light,claude,MF15,deontological,,82,0,0,0,0,0
claude_light,claude,MF16,utilitarian,,112,0,0,0,0,0
claude_light,claude,MF17,virtue_ethics,,133,0,0,0,0,0
claude_light,claude,MF18,utilitarian,,150,0,0,0,0,0
claude_light,claude,MF19,contractualist,,149,0,0,0,0,0
claude_light,claude,MF20,utilitarian,,94,0,0,0,0,0
claude_light,claude,MF21,contractualist,,108,0,0,0,0,0
claude_light,claude,MF22,contractualist,,82,0,0,0,0,0
claude_light,claude,MF23,care_ethics,deontological,83,0,1,0,0,0
claude_light,claude,MF24,utilitarian,,81,0,0,0,0,0
claude_light,claude,MF25,utilitarian,,70,0,0,0,0,0
claude_light,claude,PC02a,utilitarian,,64,0,0,0,0,0
claude_light,claude,PC02b,utilitarian,,80,0,0,0,0,0
claude_light,claude,PC03a,virtue_ethics,,111,0,0,0,0,0
claude_light,claude,PC03b,care_ethics,,109,0,0,0,0,0
claude_light,claude,PC04a,deontological,,59,0,0,0,0,0
claude_light,claude,PC04b,deontological,,60,0,0,0,0,0
claude_light,claude,PC05a,contractualist,,63,0,0,0,0,0
claude_light,claude,PC05b,contractualist,,107,0,0,0,0,0
claude_light,claude,PC06a,contractualist,,75,0,0,0,0,0
claude_light,claude,PC06b,contractualist,,60,0,0,0,0,0
claude_light,claude,PC07a,contractualist,,99,0,0,0,0,0
claude_light,claude,PC07b,contractualist,,100,0,0,0,0,0
claude_light,claude,PC08a,utilitarian,,84,0,0,0,0,0
claude_light,claude,PC08b,utilitarian,,111,0,0,0,0,0
claude_light,claude,PC09a,deontological,,57,0,0,0,0,0
claude_light,claude,PC09b,deontological,,82,0,0,0,0,0
claude_light,claude,PC10a,utilitarian,,68,0,0,0,0,0
claude_light,claude,PC10b,utilitarian,,77,0,0,0,0,0
claude_light,claude,DS01a,deontological,,78,0,0,0,0,0
claude_light,claude,DS01b,deontological,,106,0,0,0,0,0
claude_light,claude,DS01c,deontological,,116,0,0,0,0,0
claude_light,claude,DS02a,care_ethics,,74,0,0,0,0,0
claude_light,claude,DS02b,utilitarian,,74,0,0,0,0,0
claude_light,claude,DS02c,deontological,,129,0,0,0,0,0
claude_light,claude,DS03a,deontological,,86,0,0,0,0,0
claude_light,claude,DS03b,deontological,,1366,0,0,0,0,0
claude_light,claude,DS03c,deontological,care_ethics,306,0,0,0,1,0
claude_light,claude,DS04a,deontological,,148,0,0,0,0,0
claude_light,claude,DS04b,deontological,,343,0,0,0,0,0
claude_light,claude,DS04c,deontological,,165,0,0,0,0,0
claude_light,claude,DS05a,deontological,,69,0,0,0,0,0
claude_light,claude,DS05b,deontological,,80,0,0,0,0,0
claude_light,claude,DS05c,deontological,,114,0,0,0,0,0
claude_light,claude,DS06a,utilitarian,,128,0,0,0,0,0
claude_light,claude,DS06b,utilitarian,utilitarian,150,1,0,0,0,0
claude_light,claude,DS06c,utilitarian,,194,0,0,0,0,0
claude_light,claude,DS07a,utilitarian,,92,0,0,0,0,0
claude_light,claude,DS07b,utilitarian,,91,0,0,0,0,0
claude_light,claude,DS07c,utilitarian,,92,0,0,0,0,0
claude_light,claude,DS08a,deontological,,194,0,0,0,0,0
claude_light,claude,DS08b,deontological,,85,0,0,0,0,0
claude_light,claude,DS08c,deontological,,240,0,0,0,0,0
claude_light,claude,DS09a,deontological,,150,0,0,0,0,0
claude_light,claude,DS09b,deontological,,122,0,0,0,0,0
claude_light,claude,DS09c,deontological,,166,0,0,0,0,0
claude_light,claude,DS10a,contractualist,care_ethics,74,0,0,0,1,0
claude_light,claude,DS10b,deontological,care_ethics,98,0,0,0,1,0
claude_light,claude,DS10c,contractualist,care_ethics,95,0,0,0,1,0
claude_light,claude,CD01,utilitarian,,76,0,0,0,0,0
claude_light,claude,CD02,deontological,,101,0,0,0,0,0
claude_light,claude,CD03,deontological,,85,0,0,0,0,0
claude_light,claude,CD04,utilitarian,,91,0,0,0,0,0
claude_light,claude,CD05,utilitarian,,89,0,0,0,0,0
claude_light,claude,CD06,contractualist,,87,0,0,0,0,0
claude_light,claude,CD07,utilitarian,,98,0,0,0,0,0
claude_light,claude,CD08,contractualist,,61,0,0,0,0,0
claude_light,claude,CD09,contractualist,,69,0,0,0,0,0
claude_light,claude,CD10,deontological,,122,0,0,0,0,0
deepseek_light,deepseek,TP01,utilitarian,utilitarian,844,3,0,0,0,0
deepseek_light,deepseek,TP02,deontological,deontological,2828,5,7,1,0,1
deepseek_light,deepseek,TP03,utilitarian,utilitarian,2904,15,2,1,0,1
deepseek_light,deepseek,TP04,deontological,deontological,2628,3,5,1,0,1
deepseek_light,deepseek,TP05,utilitarian,utilitarian,2138,11,0,0,0,0
deepseek_light,deepseek,TP06,deontological,deontological,5533,6,12,3,2,3
deepseek_light,deepseek,TP07,deontological,deontological,950,2,6,1,0,0
deepseek_light,deepseek,TP08,utilitarian,utilitarian,1012,4,1,0,0,0
deepseek_light,deepseek,TP09,utilitarian,utilitarian,846,5,0,0,0,0
deepseek_light,deepseek,TP10,utilitarian,utilitarian,1054,4,1,0,0,0
deepseek_light,deepseek,TP11,utilitarian,utilitarian,3732,8,5,4,2,3
deepseek_light,deepseek,TP12,utilitarian,utilitarian,3632,14,2,3,3,2
deepseek_light,deepseek,TP13,utilitarian,utilitarian,781,4,0,0,0,0
deepseek_light,deepseek,TP14,utilitarian,utilitarian,977,3,0,0,0,0
deepseek_light,deepseek,TP15,utilitarian,utilitarian,3153,8,1,2,2,1
deepseek_light,deepseek,MF01,utilitarian,utilitarian,3293,9,1,3,3,1
deepseek_light,deepseek,MF02,utilitarian,utilitarian,2734,8,3,1,0,1
deepseek_light,deepseek,MF03,utilitarian,utilitarian,5583,21,5,3,5,2
deepseek_light,deepseek,MF04,utilitarian,utilitarian,3232,23,1,2,3,1
deepseek_light,deepseek,MF05,utilitarian,utilitarian,4047,9,7,4,4,2
deepseek_light,deepseek,MF06,utilitarian,utilitarian,3074,12,8,1,0,1
deepseek_light,deepseek,MF07,utilitarian,utilitarian,3854,8,3,5,2,2
deepseek_light,deepseek,MF08,deontological,deontological,3947,5,9,3,2,2
deepseek_light,deepseek,MF09,deontological,deontological,5347,7,18,4,3,2
deepseek_light,deepseek,MF10,deontological,deontological,5191,11,15,3,2,5
deepseek_light,deepseek,MF11,utilitarian,utilitarian,3268,6,5,3,3,1
deepseek_light,deepseek,MF12,utilitarian,utilitarian,4134,8,5,3,2,2
deepseek_light,deepseek,MF13,deontological,deontological,3560,5,14,1,0,1
deepseek_light,deepseek,MF14,deontological,deontological,3523,3,8,5,2,2
deepseek_light,deepseek,MF15,deontological,deontological,3430,5,12,4,2,3
deepseek_light,deepseek,MF16,utilitarian,utilitarian,792,2,1,0,0,0
deepseek_light,deepseek,MF17,deontological,deontological,5358,3,15,9,2,2
deepseek_light,deepseek,MF18,deontological,deontological,4655,4,15,7,2,3
deepseek_light,deepseek,MF19,contractualist,deontological,6434,8,16,8,3,12
deepseek_light,deepseek,MF20,utilitarian,utilitarian,4262,8,5,5,2,2
deepseek_light,deepseek,MF21,utilitarian,utilitarian,4988,10,5,4,2,2
deepseek_light,deepseek,MF22,deontological,utilitarian,3905,15,9,1,0,1
deepseek_light,deepseek,MF23,deontological,deontological,5046,5,13,7,7,2
deepseek_light,deepseek,MF24,utilitarian,utilitarian,916,1,1,1,1,0
deepseek_light,deepseek,MF25,utilitarian,utilitarian,4312,8,4,5,2,2
deepseek_light,deepseek,PC01a,utilitarian,utilitarian,737,3,0,0,0,0
deepseek_light,deepseek,PC01b,utilitarian,utilitarian,1076,5,0,0,0,0
deepseek_light,deepseek,PC02a,utilitarian,utilitarian,2471,9,5,1,0,1
deepseek_light,deepseek,PC02b,utilitarian,deontological,2958,5,8,3,4,0
deepseek_light,deepseek,PC03a,utilitarian,utilitarian,861,2,1,1,1,0
deepseek_light,deepseek,PC03b,care_ethics,deontological,6291,6,11,5,11,2
deepseek_light,deepseek,PC04a,deontological,deontological,902,2,6,0,1,0
deepseek_light,deepseek,PC04b,deontological,deontological,1854,3,4,1,0,1
deepseek_light,deepseek,PC05a,utilitarian,utilitarian,3091,5,3,4,2,1
deepseek_light,deepseek,PC05b,utilitarian,utilitarian,3335,6,2,3,2,2
deepseek_light,deepseek,PC06a,deontological,deontological,3822,2,8,3,2,3
deepseek_light,deepseek,PC06b,deontological,deontological,3255,2,5,5,2,2
deepseek_light,deepseek,PC07a,utilitarian,utilitarian,4669,9,6,4,2,2
deepseek_light,deepseek,PC07b,utilitarian,utilitarian,2610,10,4,1,0,2
deepseek_light,deepseek,PC08a,deontological,deontological,2819,5,9,1,1,1
deepseek_light,deepseek,PC08b,deontological,deontological,6794,18,19,1,1,1
deepseek_light,deepseek,PC09a,deontological,deontological,3722,4,13,4,2,2
deepseek_light,deepseek,PC09b,deontological,deontological,4357,5,20,4,2,2
deepseek_light,deepseek,PC10a,utilitarian,utilitarian,5208,9,7,4,4,2
deepseek_light,deepseek,PC10b,deontological,deontological,822,0,1,0,0,0
deepseek_light,deepseek,DS01a,deontological,deontological,2801,2,7,1,0,1
deepseek_light,deepseek,DS01b,deontological,deontological,4419,5,7,5,3,2
deepseek_light,deepseek,DS01c,deontological,deontological,4359,7,10,3,3,3
deepseek_light,deepseek,DS02a,care_ethics,care_ethics,2925,3,3,1,5,1
deepseek_light,deepseek,DS02b,care_ethics,care_ethics,3551,3,6,3,8,2
deepseek_light,deepseek,DS02c,deontological,deontological,1034,1,2,1,0,0
deepseek_light,deepseek,DS03a,deontological,deontological,6177,4,9,5,4,3
deepseek_light,deepseek,DS03b,deontological,deontological,7199,2,10,4,2,1
deepseek_light,deepseek,DS03c,deontological,deontological,7149,2,8,2,3,1
deepseek_light,deepseek,DS04a,deontological,deontological,3003,3,13,1,1,1
deepseek_light,deepseek,DS04b,deontological,deontological,3163,3,11,1,1,1
deepseek_light,deepseek,DS04c,deontological,deontological,3069,4,12,2,0,1
deepseek_light,deepseek,DS05a,deontological,deontological,1018,1,2,0,0,0
deepseek_light,deepseek,DS05b,deontological,utilitarian,904,1,1,0,0,0
deepseek_light,deepseek,DS05c,deontological,deontological,3342,3,4,3,3,2
deepseek_light,deepseek,DS06a,utilitarian,utilitarian,6931,12,3,2,0,1
deepseek_light,deepseek,DS06b,utilitarian,utilitarian,6791,15,2,0,3,0
deepseek_light,deepseek,DS06c,utilitarian,utilitarian,5258,13,2,1,1,1
deepseek_light,deepseek,DS07a,utilitarian,utilitarian,4976,14,3,6,3,2
deepseek_light,deepseek,DS07b,utilitarian,utilitarian,3814,17,1,1,0,1
deepseek_light,deepseek,DS07c,utilitarian,utilitarian,3602,11,2,1,0,1
deepseek_light,deepseek,DS08a,deontological,deontological,5255,3,7,3,2,2
deepseek_light,deepseek,DS08b,deontological,deontological,4005,3,6,3,0,1
deepseek_light,deepseek,DS08c,deontological,deontological,4207,4,10,1,0,1
deepseek_light,deepseek,DS09a,deontological,deontological,5658,3,7,1,0,1
deepseek_light,deepseek,DS09b,deontological,deontological,5763,2,15,2,2,2
deepseek_light,deepseek,DS09c,deontological,deontological,5893,2,12,3,0,1
deepseek_light,deepseek,DS10a,deontological,care_ethics,3465,1,6,1,7,3
deepseek_light,deepseek,DS10b,deontological,care_ethics,1042,0,1,0,2,0
deepseek_light,deepseek,DS10c,deontological,deontological,3188,2,8,1,5,2
deepseek_light,deepseek,CD01,utilitarian,utilitarian,4511,12,7,3,2,3
deepseek_light,deepseek,CD02,deontological,deontological,4191,5,7,6,3,2
deepseek_light,deepseek,CD03,utilitarian,utilitarian,3159,10,6,3,2,2
deepseek_light,deepseek,CD04,utilitarian,utilitarian,912,1,0,0,0,0
deepseek_light,deepseek,CD05,utilitarian,utilitarian,5006,17,4,5,4,2
deepseek_light,deepseek,CD06,utilitarian,utilitarian,5217,11,3,4,2,2
deepseek_light,deepseek,CD07,deontological,deontological,2535,2,8,0,1,0
deepseek_light,deepseek,CD08,utilitarian,utilitarian,5330,8,7,4,3,2
deepseek_light,deepseek,CD09,utilitarian,utilitarian,4838,10,4,3,4,3
deepseek_light,deepseek,CD10,deontological,deontological,933,1,2,0,0,0
deepseek_light,deepseek,TP01,utilitarian,utilitarian,2572,13,2,1,0,1
deepseek_light,deepseek,TP02,deontological,utilitarian,2343,4,4,1,0,1
deepseek_light,deepseek,TP03,utilitarian,utilitarian,3605,16,3,1,0,1
deepseek_light,deepseek,TP04,deontological,deontological,3267,3,10,2,2,1
deepseek_light,deepseek,TP05,utilitarian,utilitarian,3388,15,5,1,0,1
deepseek_light,deepseek,TP06,deontological,deontological,4803,5,14,2,2,3
deepseek_light,deepseek,TP08,utilitarian,utilitarian,8776,30,5,3,2,1
deepseek_light,deepseek,TP09,utilitarian,utilitarian,3471,14,4,5,5,2
deepseek_light,deepseek,TP10,utilitarian,utilitarian,839,4,0,0,0,0
deepseek_light,deepseek,TP11,utilitarian,utilitarian,4433,14,5,4,2,3
deepseek_light,deepseek,TP12,utilitarian,utilitarian,3514,11,2,3,3,2
deepseek_light,deepseek,TP13,utilitarian,utilitarian,2728,10,1,3,2,2
deepseek_light,deepseek,TP15,utilitarian,utilitarian,3161,11,1,0,0,0
deepseek_light,deepseek,MF01,utilitarian,utilitarian,5099,15,4,4,3,2
deepseek_light,deepseek,MF02,utilitarian,utilitarian,3253,5,5,2,3,2
deepseek_light,deepseek,MF03,utilitarian,utilitarian,3809,15,3,3,2,2
deepseek_light,deepseek,MF04,utilitarian,utilitarian,3636,9,3,3,4,1
deepseek_light,deepseek,MF05,utilitarian,utilitarian,4202,8,6,4,3,2
deepseek_light,deepseek,MF06,deontological,deontological,3491,4,13,4,2,2
deepseek_light,deepseek,MF07,utilitarian,utilitarian,3841,10,4,5,2,3
deepseek_light,deepseek,MF08,contractualist,deontological,3886,2,4,4,4,4
deepseek_light,deepseek,MF09,deontological,deontological,4167,6,12,4,5,2
deepseek_light,deepseek,MF10,deontological,deontological,976,2,5,0,0,0
deepseek_light,deepseek,MF11,utilitarian,deontological,897,1,2,2,1,0
deepseek_light,deepseek,MF12,utilitarian,utilitarian,1152,2,2,0,0,0
deepseek_light,deepseek,MF13,deontological,deontological,3542,3,11,1,0,1
deepseek_light,deepseek,MF14,deontological,deontological,3021,3,8,1,0,1
deepseek_light,deepseek,MF15,deontological,deontological,4021,5,12,3,3,2
deepseek_light,deepseek,MF16,utilitarian,utilitarian,4167,13,4,3,2,2
deepseek_light,deepseek,MF17,deontological,deontological,5250,5,13,5,3,2
deepseek_light,deepseek,MF18,deontological,deontological,995,1,4,1,0,0
deepseek_light,deepseek,MF19,utilitarian,utilitarian,5140,10,9,6,4,4
deepseek_light,deepseek,MF20,utilitarian,utilitarian,3301,7,2,3,4,2
deepseek_light,deepseek,MF21,utilitarian,utilitarian,4001,10,4,4,3,2
deepseek_light,deepseek,MF22,deontological,utilitarian,4706,18,12,3,2,1
deepseek_light,deepseek,MF23,deontological,deontological,4220,4,13,4,4,3
deepseek_light,deepseek,MF24,utilitarian,utilitarian,2786,11,2,5,3,1
deepseek_light,deepseek,MF25,utilitarian,utilitarian,2610,4,1,4,2,1
deepseek_light,deepseek,PC01a,utilitarian,utilitarian,808,3,0,0,0,0
deepseek_light,deepseek,PC01b,utilitarian,utilitarian,893,4,0,0,0,0
deepseek_light,deepseek,PC02a,utilitarian,utilitarian,2947,8,7,2,1,1
deepseek_light,deepseek,PC02b,utilitarian,utilitarian,1156,3,3,0,1,0
deepseek_light,deepseek,PC03a,care_ethics,deontological,1131,1,2,2,1,0
deepseek_light,deepseek,PC03b,care_ethics,deontological,5408,3,12,5,12,2
deepseek_light,deepseek,PC04a,deontological,deontological,3861,5,10,3,2,1
deepseek_light,deepseek,PC04b,deontological,deontological,3824,4,11,3,2,2
deepseek_light,deepseek,PC05a,utilitarian,utilitarian,3768,9,2,4,2,2
deepseek_light,deepseek,PC05b,utilitarian,utilitarian,1002,3,1,0,0,0
deepseek_light,deepseek,PC06a,deontological,deontological,3959,2,11,5,2,2
deepseek_light,deepseek,PC06b,deontological,deontological,3825,3,6,5,2,4
deepseek_light,deepseek,PC07a,utilitarian,utilitarian,1099,4,0,0,0,0
deepseek_light,deepseek,PC07b,utilitarian,utilitarian,2678,9,5,1,0,2
deepseek_light,deepseek,PC08a,utilitarian,utilitarian,701,1,0,0,0,0
deepseek_light,deepseek,PC08b,deontological,deontological,3160,3,9,1,1,1
deepseek_light,deepseek,PC09a,deontological,deontological,3870,6,13,4,2,2
deepseek_light,deepseek,PC09b,deontological,deontological,4621,6,13,4,3,2
deepseek_light,deepseek,PC10a,deontological,deontological,4895,5,9,4,2,2
deepseek_light,deepseek,PC10b,utilitarian,utilitarian,1860,3,2,2,2,0
deepseek_light,deepseek,DS01a,deontological,deontological,3758,2,9,4,2,2
deepseek_light,deepseek,DS01b,deontological,deontological,2941,1,6,2,0,1
deepseek_light,deepseek,DS01c,deontological,deontological,2562,6,7,1,0,1
deepseek_light,deepseek,DS02a,care_ethics,care_ethics,3446,3,6,3,10,1
deepseek_light,deepseek,DS02b,utilitarian,utilitarian,3822,14,3,1,4,1
deepseek_light,deepseek,DS02c,deontological,deontological,1172,1,3,2,0,0
deepseek_light,deepseek,DS03a,care_ethics,care_ethics,798,0,0,0,1,0
deepseek_light,deepseek,DS03b,deontological,deontological,6505,4,8,3,4,1
deepseek_light,deepseek,DS03c,deontological,deontological,6148,3,7,1,0,1
deepseek_light,deepseek,DS04a,deontological,deontological,2965,1,15,1,1,1
deepseek_light,deepseek,DS04b,deontological,deontological,3993,5,8,4,4,2
deepseek_light,deepseek,DS04c,deontological,deontological,3251,4,11,1,2,1
deepseek_light,deepseek,DS05a,deontological,deontological,3262,2,6,1,0,1
deepseek_light,deepseek,DS05b,deontological,deontological,5521,6,9,5,3,2
deepseek_light,deepseek,DS05c,deontological,deontological,5208,5,7,4,2,2
deepseek_light,deepseek,DS06a,utilitarian,utilitarian,7448,11,5,3,5,2
deepseek_light,deepseek,DS06b,utilitarian,utilitarian,7112,7,4,3,2,0
deepseek_light,deepseek,DS06c,utilitarian,utilitarian,8261,14,4,3,4,2
deepseek_light,deepseek,DS07a,utilitarian,utilitarian,3338,10,2,3,2,2
deepseek_light,deepseek,DS07b,deontological,deontological,3710,2,5,3,0,1
deepseek_light,deepseek,DS07c,utilitarian,utilitarian,3030,10,3,1,0,1
deepseek_light,deepseek,DS08a,deontological,deontological,6387,4,7,3,2,3
deepseek_light,deepseek,DS08b,deontological,deontological,3460,3,5,3,2,2
deepseek_light,deepseek,DS08c,deontological,deontological,4104,3,8,3,2,2
deepseek_light,deepseek,DS09a,deontological,deontological,3488,2,9,2,1,2
deepseek_light,deepseek,DS09b,deontological,deontological,7150,2,14,3,0,1
deepseek_light,deepseek,DS09c,deontological,deontological,5928,3,18,2,2,2
deepseek_light,deepseek,DS10a,deontological,deontological,3801,2,10,1,8,1
deepseek_light,deepseek,DS10b,deontological,deontological,2846,2,7,2,5,1
deepseek_light,deepseek,DS10c,deontological,care_ethics,3175,1,4,2,7,2
deepseek_light,deepseek,CD01,utilitarian,utilitarian,4410,12,4,4,2,2
deepseek_light,deepseek,CD02,deontological,deontological,3568,3,6,6,2,2
deepseek_light,deepseek,CD03,utilitarian,utilitarian,4044,10,8,3,2,2
deepseek_light,deepseek,CD04,utilitarian,utilitarian,2227,5,1,1,0,1
deepseek_light,deepseek,CD05,utilitarian,utilitarian,3646,13,3,3,2,3
deepseek_light,deepseek,CD06,contractualist,utilitarian,5477,8,8,6,2,8
deepseek_light,deepseek,CD07,deontological,deontological,2869,2,12,0,0,0
deepseek_light,deepseek,CD08,deontological,deontological,3032,3,5,4,3,2
deepseek_light,deepseek,CD09,utilitarian,utilitarian,850,2,0,0,0,0
deepseek_light,deepseek,CD10,deontological,deontological,2224,2,4,3,2,1
deepseek_light,deepseek,TP01,utilitarian,utilitarian,2716,13,2,1,0,1
deepseek_light,deepseek,TP02,deontological,deontological,2894,4,6,2,2,2
deepseek_light,deepseek,TP03,utilitarian,utilitarian,2487,13,2,0,0,0
deepseek_light,deepseek,TP04,deontological,deontological,2730,1,5,1,1,1
deepseek_light,deepseek,TP05,utilitarian,utilitarian,3923,15,3,3,2,2
deepseek_light,deepseek,TP06,deontological,deontological,3059,4,5,2,2,1
deepseek_light,deepseek,TP07,deontological,deontological,4673,7,25,5,2,3
deepseek_light,deepseek,TP08,utilitarian,utilitarian,7427,27,6,1,0,1
deepseek_light,deepseek,TP09,utilitarian,utilitarian,3196,15,4,1,0,1
deepseek_light,deepseek,TP10,utilitarian,utilitarian,3455,10,3,1,2,1
deepseek_light,deepseek,TP11,utilitarian,utilitarian,3140,9,2,2,2,1
deepseek_light,deepseek,TP12,utilitarian,utilitarian,3703,15,6,6,4,2
deepseek_light,deepseek,TP13,utilitarian,utilitarian,3767,12,3,1,0,1
deepseek_light,deepseek,TP14,utilitarian,utilitarian,2615,8,3,3,2,1
deepseek_light,deepseek,TP15,utilitarian,utilitarian,3492,9,4,0,0,0
deepseek_light,deepseek,MF01,utilitarian,utilitarian,3670,9,5,4,3,2
deepseek_light,deepseek,MF02,utilitarian,utilitarian,2373,6,4,1,0,1
deepseek_light,deepseek,MF03,utilitarian,utilitarian,5371,25,7,3,3,2
deepseek_light,deepseek,MF04,utilitarian,utilitarian,3548,14,3,2,3,1
deepseek_light,deepseek,MF05,utilitarian,utilitarian,761,2,0,0,0,0
deepseek_light,deepseek,MF06,utilitarian,utilitarian,3223,11,7,1,0,1
deepseek_light,deepseek,MF07,utilitarian,utilitarian,4390,11,7,5,2,2
deepseek_light,deepseek,MF08,deontological,deontological,4294,4,13,5,3,3
deepseek_light,deepseek,MF09,deontological,deontological,3464,2,8,2,2,2
deepseek_light,deepseek,MF10,contractualist,utilitarian,1112,2,2,2,0,1
deepseek_light,deepseek,MF11,utilitarian,deontological,4364,9,10,4,3,2
deepseek_light,deepseek,MF12,utilitarian,utilitarian,4257,8,7,2,2,2
deepseek_light,deepseek,MF13,deontological,deontological,2791,4,8,1,0,1
deepseek_light,deepseek,MF14,deontological,deontological,3628,3,7,4,2,2
deepseek_light,deepseek,MF15,utilitarian,utilitarian,956,4,0,0,0,0
deepseek_light,deepseek,MF16,utilitarian,deontological,4032,6,7,4,2,2
deepseek_light,deepseek,MF17,deontological,deontological,4007,3,9,3,2,1
deepseek_light,deepseek,MF18,deontological,deontological,4754,4,15,7,3,3
deepseek_light,deepseek,MF19,deontological,deontological,5670,3,21,5,3,2
deepseek_light,deepseek,MF20,utilitarian,utilitarian,4757,11,4,5,5,2
deepseek_light,deepseek,MF21,utilitarian,utilitarian,3316,10,2,2,1,2
deepseek_light,deepseek,MF22,deontological,utilitarian,9065,29,9,4,3,5
deepseek_light,deepseek,MF23,deontological,deontological,4036,2,12,2,5,2
deepseek_light,deepseek,MF24,utilitarian,utilitarian,2822,9,2,3,2,1
deepseek_light,deepseek,MF25,utilitarian,utilitarian,841,2,1,0,0,0
deepseek_light,deepseek,PC01a,utilitarian,utilitarian,2032,11,1,1,0,1
deepseek_light,deepseek,PC01b,utilitarian,utilitarian,826,5,0,0,0,0
deepseek_light,deepseek,PC02a,utilitarian,utilitarian,3302,11,5,1,0,1
deepseek_light,deepseek,PC02b,deontological,deontological,3586,3,21,2,3,2
deepseek_light,deepseek,PC03a,deontological,deontological,5412,7,14,5,6,2
deepseek_light,deepseek,PC03b,care_ethics,care_ethics,7736,2,11,4,17,2
deepseek_light,deepseek,PC04a,deontological,deontological,3422,5,6,4,3,2
deepseek_light,deepseek,PC04b,deontological,deontological,3098,4,7,4,3,2
deepseek_light,deepseek,PC05a,utilitarian,utilitarian,4500,6,3,3,2,2
deepseek_light,deepseek,PC05b,utilitarian,utilitarian,3729,10,3,5,2,1
deepseek_light,deepseek,PC06a,deontological,deontological,4471,3,10,3,2,2
deepseek_light,deepseek,PC06b,deontological,utilitarian,3712,5,5,5,2,2
deepseek_light,deepseek,PC07a,utilitarian,utilitarian,4149,10,4,4,2,5
deepseek_light,deepseek,PC07b,utilitarian,utilitarian,3436,7,7,3,2,2
deepseek_light,deepseek,PC08a,utilitarian,utilitarian,3252,12,3,1,0,1
deepseek_light,deepseek,PC08b,deontological,deontological,3318,5,11,1,0,1
deepseek_light,deepseek,PC09a,utilitarian,utilitarian,4609,8,7,5,2,2
deepseek_light,deepseek,PC09b,utilitarian,utilitarian,1333,5,4,0,0,0
deepseek_light,deepseek,PC10a,utilitarian,utilitarian,4656,7,4,5,3,2
deepseek_light,deepseek,PC10b,utilitarian,utilitarian,3369,10,2,1,0,1
deepseek_light,deepseek,DS01a,deontological,deontological,3123,6,9,3,2,2
deepseek_light,deepseek,DS01b,deontological,deontological,3200,3,7,1,0,1
deepseek_light,deepseek,DS01c,deontological,deontological,3257,2,6,1,0,1
deepseek_light,deepseek,DS02a,care_ethics,care_ethics,3238,2,5,3,10,2
deepseek_light,deepseek,DS02b,care_ethics,utilitarian,4961,12,5,1,10,1
deepseek_light,deepseek,DS02c,deontological,deontological,2187,2,5,1,0,2
deepseek_light,deepseek,DS03a,deontological,deontological,4048,2,6,4,2,3
deepseek_light,deepseek,DS03b,deontological,deontological,6796,3,12,3,5,2
deepseek_light,deepseek,DS03c,deontological,deontological,5441,2,8,3,3,2
deepseek_light,deepseek,DS04a,deontological,deontological,3835,5,14,5,4,3
deepseek_light,deepseek,DS04b,deontological,deontological,3479,4,9,3,2,3
deepseek_light,deepseek,DS04c,deontological,deontological,4170,6,15,4,5,3
deepseek_light,deepseek,DS05a,deontological,deontological,3686,3,6,1,0,1
deepseek_light,deepseek,DS05b,deontological,deontological,4852,3,6,4,2,2
deepseek_light,deepseek,DS05c,deontological,deontological,3982,6,8,4,0,1
deepseek_light,deepseek,DS06a,utilitarian,utilitarian,5248,11,2,3,2,2
deepseek_light,deepseek,DS06b,utilitarian,utilitarian,5057,6,1,2,2,0
deepseek_light,deepseek,DS06c,utilitarian,utilitarian,6016,11,2,0,0,0
deepseek_light,deepseek,DS07a,utilitarian,utilitarian,3541,11,4,3,2,2
deepseek_light,deepseek,DS07b,utilitarian,utilitarian,5818,20,2,3,3,2
deepseek_light,deepseek,DS07c,utilitarian,utilitarian,4032,8,2,4,3,2
deepseek_light,deepseek,DS08a,deontological,deontological,4982,3,5,4,2,2
deepseek_light,deepseek,DS08b,deontological,deontological,3182,2,4,1,0,1
deepseek_light,deepseek,DS08c,deontological,deontological,3891,3,7,1,0,1
deepseek_light,deepseek,DS09a,deontological,deontological,4715,4,7,2,0,1
deepseek_light,deepseek,DS09b,deontological,deontological,6996,4,13,2,3,2
deepseek_light,deepseek,DS09c,deontological,deontological,693,0,4,0,0,0
deepseek_light,deepseek,DS10a,deontological,care_ethics,3619,1,8,1,9,3
deepseek_light,deepseek,DS10b,deontological,care_ethics,3797,2,7,2,8,1
deepseek_light,deepseek,DS10c,deontological,deontological,3109,3,7,1,3,1
deepseek_light,deepseek,CD01,utilitarian,utilitarian,4843,14,3,3,2,1
deepseek_light,deepseek,CD02,deontological,deontological,3574,3,5,4,3,1
deepseek_light,deepseek,CD03,utilitarian,utilitarian,4205,9,5,3,2,2
deepseek_light,deepseek,CD04,utilitarian,utilitarian,2203,2,1,1,0,1
deepseek_light,deepseek,CD05,utilitarian,utilitarian,5246,22,3,5,4,2
deepseek_light,deepseek,CD06,utilitarian,utilitarian,5704,12,6,5,3,2
deepseek_light,deepseek,CD07,deontological,deontological,2048,3,4,0,0,0
deepseek_light,deepseek,CD08,deontological,deontological,4400,5,11,4,3,2
deepseek_light,deepseek,CD09,utilitarian,utilitarian,5509,14,7,4,3,5
deepseek_light,deepseek,CD10,deontological,deontological,3034,3,6,0,0,0
gemini_light,gemini,TP01,utilitarian,utilitarian,1569,5,0,0,0,0
gemini_light,gemini,TP02,utilitarian,utilitarian,2503,16,0,0,0,0
gemini_light,gemini,TP03,utilitarian,utilitarian,2278,6,2,0,0,0
gemini_light,gemini,TP04,utilitarian,utilitarian,3246,22,0,0,0,0
gemini_light,gemini,TP05,utilitarian,utilitarian,1512,7,0,0,0,0
gemini_light,gemini,TP06,utilitarian,utilitarian,2637,6,1,0,0,0
gemini_light,gemini,TP07,utilitarian,utilitarian,1787,5,0,0,0,0
gemini_light,gemini,TP08,utilitarian,utilitarian,3023,15,0,0,0,0
gemini_light,gemini,TP09,utilitarian,utilitarian,2400,10,2,0,2,0
gemini_light,gemini,TP10,utilitarian,utilitarian,2795,8,2,2,0,0
gemini_light,gemini,TP11,utilitarian,utilitarian,2118,3,0,0,0,0
gemini_light,gemini,TP12,utilitarian,utilitarian,1627,5,3,0,0,0
gemini_light,gemini,TP13,utilitarian,utilitarian,2770,9,0,0,0,0
gemini_light,gemini,TP14,utilitarian,utilitarian,2928,8,6,0,2,0
gemini_light,gemini,TP15,utilitarian,utilitarian,1743,7,0,0,0,0
gemini_light,gemini,MF01,utilitarian,utilitarian,2723,7,3,2,3,0
gemini_light,gemini,MF02,utilitarian,utilitarian,1907,4,0,0,0,0
gemini_light,gemini,MF03,utilitarian,utilitarian,2566,5,4,0,2,0
gemini_light,gemini,MF04,utilitarian,utilitarian,2561,12,0,0,0,0
gemini_light,gemini,MF05,utilitarian,utilitarian,1912,2,0,0,0,0
gemini_light,gemini,MF06,utilitarian,utilitarian,2277,5,4,3,2,0
gemini_light,gemini,MF07,utilitarian,utilitarian,3555,6,2,3,0,2
gemini_light,gemini,MF09,deontological,deontological,2316,2,3,0,1,0
gemini_light,gemini,MF10,deontological,deontological,2964,4,8,2,0,6
gemini_light,gemini,MF11,utilitarian,utilitarian,2024,4,3,2,1,0
gemini_light,gemini,MF12,utilitarian,deontological,2120,2,5,2,0,0
gemini_light,gemini,MF13,deontological,deontological,2390,1,10,0,0,0
gemini_light,gemini,MF14,deontological,deontological,2515,1,7,0,0,2
gemini_light,gemini,MF15,utilitarian,utilitarian,2555,7,0,0,0,0
gemini_light,gemini,MF16,utilitarian,utilitarian,2480,6,2,0,0,0
gemini_light,gemini,MF17,virtue_ethics,utilitarian,2410,7,3,4,0,0
gemini_light,gemini,MF18,utilitarian,utilitarian,2546,4,3,3,0,0
gemini_light,gemini,MF19,utilitarian,utilitarian,2201,2,0,0,0,0
gemini_light,gemini,MF20,utilitarian,utilitarian,2181,5,3,1,3,0
gemini_light,gemini,MF21,utilitarian,utilitarian,1927,1,0,0,0,0
gemini_light,gemini,MF22,deontological,utilitarian,2117,6,2,0,0,0
gemini_light,gemini,MF23,care_ethics,care_ethics,3327,2,6,2,11,0
gemini_light,gemini,MF24,utilitarian,utilitarian,1818,5,0,0,0,0
gemini_light,gemini,MF25,utilitarian,utilitarian,2308,5,3,3,0,0
gemini_light,gemini,PC01a,utilitarian,utilitarian,2169,8,0,0,0,0
gemini_light,gemini,PC01b,utilitarian,utilitarian,1470,7,0,0,0,0
gemini_light,gemini,PC02a,utilitarian,utilitarian,1551,4,0,0,0,0
gemini_light,gemini,PC02b,utilitarian,utilitarian,1804,2,0,0,0,0
gemini_light,gemini,PC03a,care_ethics,deontological,2449,2,5,2,4,0
gemini_light,gemini,PC03b,care_ethics,care_ethics,2449,2,4,2,5,0
gemini_light,gemini,PC04a,utilitarian,utilitarian,1898,9,0,0,0,0
gemini_light,gemini,PC04b,deontological,deontological,1908,1,3,0,0,0
gemini_light,gemini,PC05b,utilitarian,utilitarian,2319,6,2,2,0,2
gemini_light,gemini,PC06a,deontological,deontological,2042,1,5,3,0,2
gemini_light,gemini,PC06b,deontological,deontological,2912,1,5,2,0,5
gemini_light,gemini,PC07a,utilitarian,utilitarian,2631,6,2,1,0,3
gemini_light,gemini,PC07b,utilitarian,utilitarian,2375,7,1,0,0,0
gemini_light,gemini,PC08a,utilitarian,deontological,3154,4,6,2,4,0
gemini_light,gemini,PC08b,utilitarian,deontological,3489,4,5,1,3,0
gemini_light,gemini,PC09a,deontological,deontological,2308,1,6,2,0,0
gemini_light,gemini,PC09b,deontological,deontological,2240,2,6,2,0,0
gemini_light,gemini,PC10b,utilitarian,utilitarian,1947,5,0,0,0,0
gemini_light,gemini,DS01a,deontological,deontological,2355,1,7,0,0,0
gemini_light,gemini,DS01b,deontological,deontological,2783,1,6,2,0,2
gemini_light,gemini,DS01c,deontological,deontological,2727,2,7,2,0,1
gemini_light,gemini,DS02a,utilitarian,deontological,3123,3,5,2,4,0
gemini_light,gemini,DS02b,utilitarian,deontological,2844,5,6,2,6,0
gemini_light,gemini,DS02c,deontological,deontological,2429,1,6,2,0,0
gemini_light,gemini,DS03b,deontological,deontological,2963,2,4,3,2,0
gemini_light,gemini,DS03c,care_ethics,care_ethics,3389,1,2,1,4,0
gemini_light,gemini,DS04a,deontological,deontological,1551,2,5,0,1,0
gemini_light,gemini,DS04c,deontological,deontological,1365,0,2,0,1,0
gemini_light,gemini,DS05a,deontological,deontological,3113,2,4,0,0,2
gemini_light,gemini,DS05c,deontological,deontological,2816,2,6,0,0,2
gemini_light,gemini,DS06a,utilitarian,utilitarian,2276,9,1,0,2,0
gemini_light,gemini,DS06b,utilitarian,utilitarian,2880,12,0,0,1,0
gemini_light,gemini,DS06c,utilitarian,utilitarian,1498,4,0,0,0,0
gemini_light,gemini,DS07a,utilitarian,utilitarian,1485,4,1,0,0,1
gemini_light,gemini,DS07b,utilitarian,utilitarian,923,2,0,0,0,0
gemini_light,gemini,DS07c,utilitarian,utilitarian,2275,6,1,0,0,0
gemini_light,gemini,DS08a,deontological,deontological,1701,0,2,0,0,0
gemini_light,gemini,DS08c,deontological,deontological,1755,1,3,0,0,1
gemini_light,gemini,DS09a,deontological,deontological,2362,0,5,0,0,0
gemini_light,gemini,DS09b,deontological,deontological,1658,0,4,0,0,0
gemini_light,gemini,DS09c,deontological,deontological,2803,0,10,0,2,0
gemini_light,gemini,DS10a,deontological,deontological,2751,0,6,1,4,0
gemini_light,gemini,DS10b,deontological,deontological,3124,1,5,2,5,0
gemini_light,gemini,DS10c,deontological,deontological,3168,1,7,2,2,0
gemini_light,gemini,CD01,utilitarian,utilitarian,2117,3,3,1,0,0
gemini_light,gemini,CD02,deontological,deontological,3015,1,5,1,0,3
gemini_light,gemini,CD03,deontological,deontological,2856,2,9,1,1,0
gemini_light,gemini,CD04,utilitarian,utilitarian,2656,4,3,1,1,0
gemini_light,gemini,CD05,utilitarian,utilitarian,2261,4,2,1,1,0
gemini_light,gemini,CD06,utilitarian,utilitarian,3462,4,3,2,0,1
gemini_light,gemini,CD07,deontological,deontological,2948,4,7,1,0,0
gemini_light,gemini,CD08,deontological,deontological,3141,1,8,0,6,0
gemini_light,gemini,CD09,utilitarian,utilitarian,2514,5,1,1,1,3
gemini_light,gemini,CD10,deontological,deontological,2358,3,7,2,0,0
gemini_light,gemini,TP02,utilitarian,utilitarian,2503,16,0,0,0,0
gemini_light,gemini,TP03,utilitarian,utilitarian,1943,4,3,0,0,0
gemini_light,gemini,TP04,utilitarian,utilitarian,2968,18,0,0,0,0
gemini_light,gemini,TP05,utilitarian,utilitarian,1081,4,0,0,0,0
gemini_light,gemini,TP06,utilitarian,utilitarian,2637,6,1,0,0,0
gemini_light,gemini,TP07,utilitarian,utilitarian,1412,4,0,0,0,0
gemini_light,gemini,TP08,utilitarian,utilitarian,1921,7,0,0,0,0
gemini_light,gemini,TP09,utilitarian,utilitarian,2400,10,2,0,2,0
gemini_light,gemini,TP10,utilitarian,utilitarian,2152,7,1,2,0,0
gemini_light,gemini,TP11,utilitarian,utilitarian,1902,4,0,0,0,0
gemini_light,gemini,TP12,utilitarian,utilitarian,1805,9,0,0,0,0
gemini_light,gemini,TP13,utilitarian,utilitarian,2138,11,0,0,0,0
gemini_light,gemini,TP14,utilitarian,utilitarian,1791,2,0,0,1,0
gemini_light,gemini,TP15,utilitarian,utilitarian,1568,6,0,0,0,0
gemini_light,gemini,MF01,utilitarian,utilitarian,3307,8,3,1,5,0
gemini_light,gemini,MF02,utilitarian,utilitarian,909,1,0,0,0,0
gemini_light,gemini,MF03,utilitarian,utilitarian,2008,5,3,0,2,0
gemini_light,gemini,MF04,utilitarian,utilitarian,2143,8,0,0,0,0
gemini_light,gemini,MF05,utilitarian,utilitarian,2096,3,0,0,0,0
gemini_light,gemini,MF08,contractualist,contractualist,1972,2,0,0,0,3
gemini_light,gemini,MF09,deontological,deontological,2662,3,5,0,3,2
gemini_light,gemini,MF10,deontological,deontological,2763,4,5,1,0,4
gemini_light,gemini,MF11,utilitarian,utilitarian,2024,4,3,2,1,0
gemini_light,gemini,MF12,utilitarian,deontological,2120,2,5,2,0,0
gemini_light,gemini,MF13,deontological,deontological,2007,1,7,0,0,0
gemini_light,gemini,MF14,deontological,deontological,1979,1,5,0,0,3
gemini_light,gemini,MF15,utilitarian,utilitarian,2694,10,0,0,0,0
gemini_light,gemini,MF16,utilitarian,utilitarian,2403,7,2,0,0,0
gemini_light,gemini,MF17,virtue_ethics,deontological,3331,6,11,7,0,0
gemini_light,gemini,MF18,utilitarian,utilitarian,2725,3,3,2,0,0
gemini_light,gemini,MF19,utilitarian,utilitarian,2391,6,0,0,0,0
gemini_light,gemini,MF20,utilitarian,utilitarian,2611,6,5,3,1,0
gemini_light,gemini,MF21,utilitarian,utilitarian,1636,1,0,0,0,0
gemini_light,gemini,MF22,deontological,utilitarian,2117,6,2,0,0,0
gemini_light,gemini,MF23,care_ethics,deontological,4143,3,11,1,11,0
gemini_light,gemini,MF24,utilitarian,utilitarian,2043,4,0,0,0,0
gemini_light,gemini,MF25,utilitarian,utilitarian,2308,5,3,3,0,0
gemini_light,gemini,PC01a,utilitarian,utilitarian,2311,12,0,0,0,0
gemini_light,gemini,PC01b,utilitarian,utilitarian,1823,7,3,0,0,0
gemini_light,gemini,PC02a,utilitarian,utilitarian,1840,4,0,0,1,0
gemini_light,gemini,PC02b,utilitarian,utilitarian,2357,8,1,0,0,0
gemini_light,gemini,PC03a,care_ethics,care_ethics,2548,2,4,2,8,0
gemini_light,gemini,PC03b,care_ethics,care_ethics,2449,2,4,2,5,0
gemini_light,gemini,PC04a,utilitarian,utilitarian,1641,10,0,0,0,0
gemini_light,gemini,PC04b,deontological,deontological,2278,2,3,0,0,0
gemini_light,gemini,PC06a,deontological,deontological,2824,2,9,3,0,5
gemini_light,gemini,PC06b,deontological,deontological,2912,1,5,2,0,5
gemini_light,gemini,PC07a,utilitarian,utilitarian,2631,6,2,1,0,3
gemini_light,gemini,PC08b,utilitarian,deontological,3489,4,5,1,3,0
gemini_light,gemini,PC09b,deontological,deontological,2522,2,8,1,0,0
gemini_light,gemini,PC10a,utilitarian,utilitarian,2490,4,0,0,0,0
gemini_light,gemini,PC10b,utilitarian,utilitarian,2572,2,0,0,0,0
gemini_light,gemini,DS01a,deontological,deontological,2355,1,7,0,0,0
gemini_light,gemini,DS01b,deontological,deontological,1969,0,3,0,0,0
gemini_light,gemini,DS01c,deontological,deontological,2191,1,6,1,0,1
gemini_light,gemini,DS02b,utilitarian,deontological,2844,5,6,2,6,0
gemini_light,gemini,DS02c,deontological,deontological,2496,1,6,3,0,0
gemini_light,gemini,DS03c,care_ethics,care_ethics,3330,3,3,3,7,0
gemini_light,gemini,DS04a,deontological,deontological,2469,3,8,3,0,0
gemini_light,gemini,DS04c,deontological,deontological,1922,1,6,0,2,0
gemini_light,gemini,DS05a,deontological,deontological,2445,1,5,2,0,2
gemini_light,gemini,DS05b,deontological,deontological,1506,2,3,1,0,1
gemini_light,gemini,DS06a,utilitarian,utilitarian,2683,10,2,0,2,0
gemini_light,gemini,DS06b,utilitarian,utilitarian,1909,8,1,0,0,0
gemini_light,gemini,DS06c,utilitarian,utilitarian,1498,4,0,0,0,0
gemini_light,gemini,DS07a,utilitarian,utilitarian,1485,4,1,0,0,1
gemini_light,gemini,DS07c,utilitarian,utilitarian,2601,6,1,0,0,2
gemini_light,gemini,DS08a,deontological,deontological,2271,0,4,0,0,0
gemini_light,gemini,DS08b,deontological,deontological,2192,0,2,0,0,0
gemini_light,gemini,DS08c,deontological,deontological,3057,2,4,0,0,2
gemini_light,gemini,DS09a,deontological,deontological,2341,0,4,0,0,0
gemini_light,gemini,DS09b,deontological,deontological,1658,0,4,0,0,0
gemini_light,gemini,DS09c,deontological,deontological,2803,0,10,0,2,0
gemini_light,gemini,DS10a,deontological,care_ethics,2463,0,5,0,7,0
gemini_light,gemini,DS10b,deontological,deontological,2062,1,3,1,3,0
gemini_light,gemini,DS10c,deontological,care_ethics,2727,1,4,1,7,1
gemini_light,gemini,CD01,utilitarian,utilitarian,2106,4,2,2,0,0
gemini_light,gemini,CD02,deontological,deontological,3060,2,4,0,0,2
gemini_light,gemini,CD03,deontological,deontological,2856,2,9,1,1,0
gemini_light,gemini,CD05,utilitarian,utilitarian,2710,5,2,1,1,0
gemini_light,gemini,CD06,utilitarian,utilitarian,3462,4,3,2,0,1
gemini_light,gemini,CD07,utilitarian,utilitarian,3028,6,4,1,0,0
gemini_light,gemini,CD08,deontological,care_ethics,3207,3,4,0,8,0
gemini_light,gemini,TP01,utilitarian,utilitarian,1569,5,0,0,0,0
gemini_light,gemini,TP02,utilitarian,utilitarian,2503,16,0,0,0,0
gemini_light,gemini,TP03,utilitarian,utilitarian,2035,6,3,0,0,0
gemini_light,gemini,TP04,utilitarian,utilitarian,2968,18,0,0,0,0
gemini_light,gemini,TP06,utilitarian,utilitarian,2751,7,2,0,0,0
gemini_light,gemini,TP07,utilitarian,utilitarian,1576,8,0,0,0,0
gemini_light,gemini,TP08,utilitarian,utilitarian,1921,7,0,0,0,0
gemini_light,gemini,TP10,utilitarian,utilitarian,2032,8,2,0,0,0
gemini_light,gemini,TP11,utilitarian,utilitarian,1902,4,0,0,0,0
gemini_light,gemini,TP12,utilitarian,utilitarian,1805,9,0,0,0,0
gemini_light,gemini,TP13,utilitarian,utilitarian,2301,11,0,0,0,0
gemini_light,gemini,TP14,utilitarian,utilitarian,2928,8,6,0,2,0
gemini_light,gemini,TP15,utilitarian,utilitarian,1743,7,0,0,0,0
gemini_light,gemini,MF01,utilitarian,utilitarian,3307,8,3,1,5,0
gemini_light,gemini,MF02,utilitarian,utilitarian,1907,4,0,0,0,0
gemini_light,gemini,MF03,utilitarian,utilitarian,2566,5,4,0,2,0
gemini_light,gemini,MF04,utilitarian,utilitarian,2561,12,0,0,0,0
gemini_light,gemini,MF05,utilitarian,,1844,0,0,0,0,0
gemini_light,gemini,MF06,utilitarian,virtue_ethics,1897,3,3,4,1,0
gemini_light,gemini,MF07,utilitarian,utilitarian,2110,4,2,1,0,2
gemini_light,gemini,MF08,other,contractualist,2054,1,0,0,0,2
gemini_light,gemini,MF09,deontological,deontological,2930,2,5,0,1,0
gemini_light,gemini,MF10,deontological,deontological,3616,4,12,2,0,6
gemini_light,gemini,MF11,utilitarian,virtue_ethics,2248,3,3,4,2,0
gemini_light,gemini,MF12,utilitarian,deontological,2120,2,5,2,0,0
gemini_light,gemini,MF13,deontological,deontological,2390,1,10,0,0,0
gemini_light,gemini,MF14,deontological,deontological,1979,1,5,0,0,3
gemini_light,gemini,MF15,utilitarian,utilitarian,2555,7,0,0,0,0
gemini_light,gemini,MF16,utilitarian,utilitarian,2403,7,2,0,0,0
gemini_light,gemini,MF17,virtue_ethics,deontological,3331,6,11,7,0,0
gemini_light,gemini,MF18,utilitarian,utilitarian,3190,5,4,2,0,0
gemini_light,gemini,MF19,utilitarian,utilitarian,2391,6,0,0,0,0
gemini_light,gemini,MF20,utilitarian,utilitarian,2350,4,3,1,3,0
gemini_light,gemini,MF21,utilitarian,utilitarian,1622,2,0,0,0,0
gemini_light,gemini,MF22,deontological,utilitarian,3887,14,6,0,0,1
gemini_light,gemini,MF23,care_ethics,care_ethics,3327,2,6,2,11,0
gemini_light,gemini,MF24,utilitarian,utilitarian,1954,4,0,0,0,0
gemini_light,gemini,MF25,utilitarian,utilitarian,2308,5,3,3,0,0
gemini_light,gemini,PC01a,utilitarian,utilitarian,2169,8,0,0,0,0
gemini_light,gemini,PC01b,utilitarian,utilitarian,1328,7,0,0,0,0
gemini_light,gemini,PC02a,utilitarian,utilitarian,1413,1,0,0,0,0
gemini_light,gemini,PC02b,utilitarian,utilitarian,2100,6,1,0,0,0
gemini_light,gemini,PC03a,care_ethics,care_ethics,2548,2,4,2,8,0
gemini_light,gemini,PC03b,care_ethics,care_ethics,2879,2,5,2,6,0
gemini_light,gemini,PC04a,utilitarian,utilitarian,1641,10,0,0,0,0
gemini_light,gemini,PC05b,utilitarian,utilitarian,2201,5,1,3,0,2
gemini_light,gemini,PC06b,deontological,deontological,3717,2,8,2,0,5
gemini_light,gemini,PC07a,utilitarian,utilitarian,2576,6,1,1,0,3
gemini_light,gemini,PC07b,utilitarian,utilitarian,2375,7,1,0,0,0
gemini_light,gemini,PC08a,utilitarian,utilitarian,2799,4,2,1,4,0
gemini_light,gemini,PC08b,utilitarian,deontological,3489,4,5,1,3,0
gemini_light,gemini,PC09a,deontological,deontological,2027,4,7,1,0,0
gemini_light,gemini,PC09b,deontological,deontological,2522,2,8,1,0,0
gemini_light,gemini,PC10a,utilitarian,utilitarian,2766,5,0,0,0,0
gemini_light,gemini,DS01a,deontological,deontological,2768,0,5,0,0,1
gemini_light,gemini,DS01b,deontological,deontological,2783,1,6,2,0,2
gemini_light,gemini,DS01c,deontological,deontological,2730,2,4,2,0,1
gemini_light,gemini,DS02a,utilitarian,utilitarian,2446,4,4,1,1,0
gemini_light,gemini,DS02c,deontological,deontological,2496,1,6,3,0,0
gemini_light,gemini,DS03a,deontological,deontological,2912,0,2,1,1,0
gemini_light,gemini,DS03c,care_ethics,care_ethics,3330,3,3,3,7,0
gemini_light,gemini,DS04a,deontological,deontological,1551,2,5,0,1,0
gemini_light,gemini,DS04c,deontological,deontological,2015,1,5,0,2,0
gemini_light,gemini,DS05a,deontological,deontological,3210,1,6,3,0,2
gemini_light,gemini,DS05b,deontological,deontological,1789,1,4,1,0,1
gemini_light,gemini,DS05c,deontological,deontological,3032,2,4,0,0,2
gemini_light,gemini,DS06a,utilitarian,utilitarian,3134,13,3,0,2,0
gemini_light,gemini,DS06b,utilitarian,utilitarian,1909,8,1,0,0,0
gemini_light,gemini,DS06c,utilitarian,utilitarian,2186,6,0,1,0,0
gemini_light,gemini,DS07a,utilitarian,utilitarian,1485,4,1,0,0,1
gemini_light,gemini,DS07b,utilitarian,utilitarian,1282,4,1,0,0,0
gemini_light,gemini,DS07c,utilitarian,utilitarian,1410,2,0,0,0,0
gemini_light,gemini,DS08a,deontological,deontological,2124,0,3,0,0,0
gemini_light,gemini,DS08b,deontological,deontological,2269,0,3,0,0,0
gemini_light,gemini,DS08c,deontological,deontological,2111,1,3,0,0,1
gemini_light,gemini,DS09a,deontological,deontological,1696,0,5,0,0,0
gemini_light,gemini,DS09b,deontological,deontological,1658,0,4,0,0,0
gemini_light,gemini,DS09c,deontological,deontological,2803,0,10,0,2,0
gemini_light,gemini,DS10a,deontological,care_ethics,2463,0,5,0,7,0
gemini_light,gemini,CD01,utilitarian,utilitarian,2117,3,3,1,0,0
gemini_light,gemini,CD02,deontological,deontological,3365,2,4,1,0,3
gemini_light,gemini,CD03,deontological,deontological,2569,2,10,1,0,0
gemini_light,gemini,CD04,utilitarian,utilitarian,2046,2,0,0,0,0
gemini_light,gemini,CD05,utilitarian,utilitarian,2679,5,2,2,3,0
gemini_light,gemini,CD06,utilitarian,utilitarian,2584,4,4,0,0,1
gemini_light,gemini,CD07,utilitarian,utilitarian,3028,6,4,1,0,0
gemini_light,gemini,CD08,deontological,care_ethics,2752,4,4,0,6,0
gemini_light,gemini,CD09,utilitarian,utilitarian,2514,5,1,1,1,3
gemini_light,gemini,CD10,deontological,deontological,1576,1,5,0,0,0
gpt55_light,gpt55,TP01,utilitarian,utilitarian,466,1,0,0,0,0
gpt55_light,gpt55,TP02,deontological,deontological,414,0,1,0,0,0
gpt55_light,gpt55,TP05,utilitarian,,415,0,0,0,0,0
gpt55_light,gpt55,TP07,deontological,,493,0,0,0,0,0
gpt55_light,gpt55,TP08,utilitarian,,556,0,0,0,0,0
gpt55_light,gpt55,TP09,utilitarian,,430,0,0,0,0,0
gpt55_light,gpt55,TP10,utilitarian,,461,0,0,0,0,0
gpt55_light,gpt55,TP12,utilitarian,,462,0,0,0,0,0
gpt55_light,gpt55,TP13,utilitarian,,487,0,0,0,0,0
gpt55_light,gpt55,TP14,contractualist,contractualist,429,0,0,0,0,1
gpt55_light,gpt55,TP15,utilitarian,utilitarian,506,1,1,0,0,0
gpt55_light,gpt55,MF01,utilitarian,,470,0,0,0,0,0
gpt55_light,gpt55,MF02,utilitarian,utilitarian,447,1,1,0,0,0
gpt55_light,gpt55,MF03,utilitarian,utilitarian,518,1,0,0,0,0
gpt55_light,gpt55,MF04,utilitarian,utilitarian,463,1,0,0,0,0
gpt55_light,gpt55,MF05,care_ethics,utilitarian,461,1,0,0,1,0
gpt55_light,gpt55,MF06,deontological,,427,0,0,0,0,0
gpt55_light,gpt55,MF08,contractualist,contractualist,574,0,0,0,0,1
gpt55_light,gpt55,MF09,deontological,,476,0,0,0,0,0
gpt55_light,gpt55,MF11,deontological,utilitarian,439,1,1,0,0,0
gpt55_light,gpt55,MF12,deontological,,465,0,0,0,0,0
gpt55_light,gpt55,MF13,deontological,,554,0,0,0,0,0
gpt55_light,gpt55,MF14,contractualist,,495,0,0,0,0,0
gpt55_light,gpt55,MF16,utilitarian,,479,0,0,0,0,0
gpt55_light,gpt55,MF18,contractualist,contractualist,505,0,0,0,0,1
gpt55_light,gpt55,MF19,contractualist,deontological,392,0,1,0,0,0
gpt55_light,gpt55,MF20,utilitarian,,534,0,0,0,0,0
gpt55_light,gpt55,MF23,deontological,,370,0,0,0,0,0
gpt55_light,gpt55,MF25,utilitarian,utilitarian,482,1,0,0,0,0
gpt55_light,gpt55,PC01b,utilitarian,,432,0,0,0,0,0
gpt55_light,gpt55,PC02a,utilitarian,,433,0,0,0,0,0
gpt55_light,gpt55,PC02b,utilitarian,,408,0,0,0,0,0
gpt55_light,gpt55,PC03a,deontological,virtue_ethics,460,0,0,1,0,0
gpt55_light,gpt55,PC05a,utilitarian,utilitarian,411,1,0,0,0,1
gpt55_light,gpt55,PC05b,utilitarian,,453,0,0,0,0,0
gpt55_light,gpt55,PC07a,utilitarian,utilitarian,501,1,0,0,0,1
gpt55_light,gpt55,PC07b,utilitarian,utilitarian,431,1,1,0,0,0
gpt55_light,gpt55,PC09a,deontological,utilitarian,442,1,1,0,0,0
gpt55_light,gpt55,PC09b,deontological,,392,0,0,0,0,0
gpt55_light,gpt55,PC10a,contractualist,utilitarian,543,1,0,0,0,1
gpt55_light,gpt55,DS01b,deontological,,456,0,0,0,0,0
gpt55_light,gpt55,DS02a,care_ethics,utilitarian,455,1,0,0,1,0
gpt55_light,gpt55,DS02b,care_ethics,,452,0,0,0,0,0
gpt55_light,gpt55,DS02c,deontological,,415,0,0,0,0,0
gpt55_light,gpt55,DS04a,deontological,,468,0,0,0,0,0
gpt55_light,gpt55,DS04b,deontological,,498,0,0,0,0,0
gpt55_light,gpt55,DS04c,deontological,deontological,482,0,1,0,0,0
gpt55_light,gpt55,DS05b,deontological,deontological,493,0,1,0,0,1
gpt55_light,gpt55,DS06b,utilitarian,,472,0,0,0,0,0
gpt55_light,gpt55,DS06c,utilitarian,,494,0,0,0,0,0
gpt55_light,gpt55,DS07a,contractualist,,455,0,0,0,0,0
gpt55_light,gpt55,DS07b,contractualist,utilitarian,543,1,0,0,0,1
gpt55_light,gpt55,DS07c,contractualist,,533,0,0,0,0,0
gpt55_light,gpt55,DS08b,deontological,,441,0,0,0,0,0
gpt55_light,gpt55,DS09a,deontological,deontological,448,0,1,0,0,0
gpt55_light,gpt55,DS09b,deontological,,550,0,0,0,0,0
gpt55_light,gpt55,DS10a,deontological,care_ethics,504,0,0,0,1,0
gpt55_light,gpt55,DS10b,deontological,care_ethics,437,0,0,0,2,0
gpt55_light,gpt55,CD01,utilitarian,,507,0,0,0,0,0
gpt55_light,gpt55,CD02,contractualist,,448,0,0,0,0,0
gpt55_light,gpt55,CD03,deontological,utilitarian,480,1,1,0,0,0
gpt55_light,gpt55,CD04,utilitarian,utilitarian,504,1,0,0,0,1
gpt55_light,gpt55,CD06,contractualist,,541,0,0,0,0,0
gpt55_light,gpt55,CD07,utilitarian,,453,0,0,0,0,0
gpt55_light,gpt55,CD08,contractualist,,440,0,0,0,0,0
gpt55_light,gpt55,CD10,deontological,deontological,522,0,1,0,0,1
gpt55_light,gpt55,TP01,utilitarian,,384,0,0,0,0,0
gpt55_light,gpt55,TP02,deontological,deontological,431,0,1,0,0,0
gpt55_light,gpt55,TP04,deontological,,387,0,0,0,0,0
gpt55_light,gpt55,TP05,utilitarian,,454,0,0,0,0,0
gpt55_light,gpt55,TP06,utilitarian,,466,0,0,0,0,0
gpt55_light,gpt55,TP07,deontological,deontological,523,0,1,0,0,1
gpt55_light,gpt55,TP08,deontological,deontological,433,0,2,0,0,0
gpt55_light,gpt55,TP10,utilitarian,utilitarian,513,1,1,0,0,0
gpt55_light,gpt55,TP12,contractualist,utilitarian,559,1,0,0,0,1
gpt55_light,gpt55,TP13,utilitarian,utilitarian,490,1,0,0,0,1
gpt55_light,gpt55,TP14,utilitarian,,377,0,0,0,0,0
gpt55_light,gpt55,MF01,utilitarian,utilitarian,449,1,0,0,0,0
gpt55_light,gpt55,MF02,utilitarian,utilitarian,517,1,1,0,0,0
gpt55_light,gpt55,MF03,utilitarian,,408,0,0,0,0,0
gpt55_light,gpt55,MF04,utilitarian,utilitarian,444,1,0,0,0,0
gpt55_light,gpt55,MF05,utilitarian,,506,0,0,0,0,0
gpt55_light,gpt55,MF06,deontological,,505,0,0,0,0,0
gpt55_light,gpt55,MF08,contractualist,deontological,510,0,1,0,0,1
gpt55_light,gpt55,MF09,deontological,,465,0,0,0,0,0
gpt55_light,gpt55,MF10,contractualist,,503,0,0,0,0,0
gpt55_light,gpt55,MF11,deontological,utilitarian,438,1,1,0,0,1
gpt55_light,gpt55,MF12,deontological,,399,0,0,0,0,0
gpt55_light,gpt55,MF13,deontological,,488,0,0,0,0,0
gpt55_light,gpt55,MF16,utilitarian,,487,0,0,0,0,0
gpt55_light,gpt55,MF18,utilitarian,utilitarian,447,1,0,0,0,0
gpt55_light,gpt55,MF19,contractualist,utilitarian,525,1,0,0,0,1
gpt55_light,gpt55,MF20,utilitarian,utilitarian,462,2,0,0,0,0
gpt55_light,gpt55,MF22,contractualist,utilitarian,529,2,0,0,0,0
gpt55_light,gpt55,MF23,deontological,,459,0,0,0,0,0
gpt55_light,gpt55,PC01a,utilitarian,,424,0,0,0,0,0
gpt55_light,gpt55,PC01b,utilitarian,utilitarian,464,2,0,0,0,0
gpt55_light,gpt55,PC02a,utilitarian,,431,0,0,0,0,0
gpt55_light,gpt55,PC02b,utilitarian,deontological,415,0,1,0,0,0
gpt55_light,gpt55,PC03b,care_ethics,virtue_ethics,499,0,0,1,0,0
gpt55_light,gpt55,PC04a,deontological,,438,0,0,0,0,0
gpt55_light,gpt55,PC05a,utilitarian,utilitarian,447,1,0,0,0,0
gpt55_light,gpt55,PC05b,contractualist,,443,0,0,0,0,0
gpt55_light,gpt55,PC06a,contractualist,contractualist,991,0,0,0,0,1
gpt55_light,gpt55,PC06b,deontological,,582,0,0,0,0,0
gpt55_light,gpt55,PC07a,contractualist,utilitarian,418,1,0,0,0,1
gpt55_light,gpt55,PC07b,utilitarian,utilitarian,437,1,1,0,0,1
gpt55_light,gpt55,PC08a,care_ethics,,491,0,0,0,0,0
gpt55_light,gpt55,PC08b,deontological,,423,0,0,0,0,0
gpt55_light,gpt55,PC09a,deontological,utilitarian,468,1,1,0,0,0
gpt55_light,gpt55,PC09b,deontological,,455,0,0,0,0,0
gpt55_light,gpt55,PC10a,contractualist,,514,0,0,0,0,0
gpt55_light,gpt55,PC10b,deontological,deontological,559,0,1,0,0,0
gpt55_light,gpt55,DS01c,deontological,deontological,408,0,1,0,0,1
gpt55_light,gpt55,DS02a,care_ethics,,425,0,0,0,0,0
gpt55_light,gpt55,DS02c,deontological,,445,0,0,0,0,0
gpt55_light,gpt55,DS04c,deontological,,469,0,0,0,0,0
gpt55_light,gpt55,DS05a,deontological,,450,0,0,0,0,0
gpt55_light,gpt55,DS05b,deontological,,472,0,0,0,0,0
gpt55_light,gpt55,DS05c,deontological,,422,0,0,0,0,0
gpt55_light,gpt55,DS06a,utilitarian,utilitarian,575,1,0,0,0,0
gpt55_light,gpt55,DS06b,utilitarian,,553,0,0,0,0,0
gpt55_light,gpt55,DS06c,utilitarian,utilitarian,529,1,0,0,0,0
gpt55_light,gpt55,DS07a,contractualist,utilitarian,560,1,0,0,0,1
gpt55_light,gpt55,DS07c,deontological,,454,0,0,0,0,0
gpt55_light,gpt55,DS09b,deontological,,574,0,0,0,0,0
gpt55_light,gpt55,DS09c,deontological,,672,0,0,0,0,0
gpt55_light,gpt55,DS10b,deontological,,436,0,0,0,0,0
gpt55_light,gpt55,DS10c,deontological,care_ethics,490,0,0,0,1,0
gpt55_light,gpt55,CD02,contractualist,deontological,490,0,1,0,0,1
gpt55_light,gpt55,CD03,deontological,,459,0,0,0,0,0
gpt55_light,gpt55,CD04,utilitarian,utilitarian,533,1,0,0,0,1
gpt55_light,gpt55,CD06,contractualist,,570,0,0,0,0,0
gpt55_light,gpt55,CD07,utilitarian,utilitarian,501,1,1,0,0,0
gpt55_light,gpt55,CD09,utilitarian,utilitarian,537,1,0,0,0,0
gpt55_light,gpt55,CD10,deontological,,455,0,0,0,0,0
gpt55_light,gpt55,TP02,deontological,,390,0,0,0,0,0
gpt55_light,gpt55,TP03,deontological,deontological,477,0,1,0,0,0
gpt55_light,gpt55,TP05,utilitarian,utilitarian,441,1,0,0,0,0
gpt55_light,gpt55,TP06,deontological,deontological,477,0,1,0,0,0
gpt55_light,gpt55,TP07,deontological,deontological,561,0,2,0,0,1
gpt55_light,gpt55,TP08,utilitarian,utilitarian,523,1,0,0,0,0
gpt55_light,gpt55,TP10,deontological,,553,0,0,0,0,0
gpt55_light,gpt55,TP11,utilitarian,,481,0,0,0,0,0
gpt55_light,gpt55,TP12,utilitarian,,471,0,0,0,0,0
gpt55_light,gpt55,TP13,utilitarian,,475,0,0,0,0,0
gpt55_light,gpt55,TP15,utilitarian,utilitarian,478,1,0,0,0,0
gpt55_light,gpt55,MF01,utilitarian,,502,0,0,0,0,0
gpt55_light,gpt55,MF02,utilitarian,,413,0,0,0,0,0
gpt55_light,gpt55,MF03,utilitarian,,453,0,0,0,0,0
gpt55_light,gpt55,MF05,utilitarian,,430,0,0,0,0,0
gpt55_light,gpt55,MF06,deontological,utilitarian,482,1,1,0,0,0
gpt55_light,gpt55,MF09,contractualist,deontological,435,0,1,0,0,1
gpt55_light,gpt55,MF11,deontological,utilitarian,387,1,1,0,0,0
gpt55_light,gpt55,MF12,deontological,,453,0,0,0,0,0
gpt55_light,gpt55,MF14,deontological,,501,0,0,0,0,0
gpt55_light,gpt55,MF16,utilitarian,utilitarian,511,1,1,0,0,1
gpt55_light,gpt55,MF18,utilitarian,,444,0,0,0,0,0
gpt55_light,gpt55,MF19,contractualist,deontological,445,0,1,0,0,0
gpt55_light,gpt55,MF20,utilitarian,utilitarian,530,1,0,0,0,1
gpt55_light,gpt55,MF21,utilitarian,,429,0,0,0,0,0
gpt55_light,gpt55,MF22,contractualist,utilitarian,491,1,0,0,0,0
gpt55_light,gpt55,MF24,deontological,utilitarian,441,1,1,0,0,0
gpt55_light,gpt55,MF25,utilitarian,utilitarian,465,1,1,0,0,0
gpt55_light,gpt55,PC01a,utilitarian,utilitarian,447,1,0,0,0,0
gpt55_light,gpt55,PC01b,utilitarian,,459,0,0,0,0,0
gpt55_light,gpt55,PC02a,utilitarian,,448,0,0,0,0,0
gpt55_light,gpt55,PC02b,utilitarian,deontological,481,1,2,0,0,0
gpt55_light,gpt55,PC03b,care_ethics,virtue_ethics,502,0,0,1,0,0
gpt55_light,gpt55,PC04a,deontological,,431,0,0,0,0,0
gpt55_light,gpt55,PC04b,deontological,,453,0,0,0,0,0
gpt55_light,gpt55,PC05a,utilitarian,,457,0,0,0,0,0
gpt55_light,gpt55,PC05b,contractualist,utilitarian,483,1,0,0,0,1
gpt55_light,gpt55,PC06a,contractualist,,563,0,0,0,0,0
gpt55_light,gpt55,PC07b,contractualist,utilitarian,406,1,1,0,0,1
gpt55_light,gpt55,PC09a,deontological,utilitarian,387,1,1,0,0,0
gpt55_light,gpt55,PC09b,deontological,utilitarian,530,1,1,0,0,0
gpt55_light,gpt55,PC10b,deontological,deontological,546,0,1,0,0,0
gpt55_light,gpt55,DS01b,deontological,,409,0,0,0,0,0
gpt55_light,gpt55,DS02a,care_ethics,,476,0,0,0,0,0
gpt55_light,gpt55,DS02b,care_ethics,,454,0,0,0,0,0
gpt55_light,gpt55,DS02c,deontological,,445,0,0,0,0,0
gpt55_light,gpt55,DS04a,deontological,,464,0,0,0,0,0
gpt55_light,gpt55,DS04b,deontological,,410,0,0,0,0,0
gpt55_light,gpt55,DS04c,deontological,utilitarian,542,1,1,0,0,0
gpt55_light,gpt55,DS05c,deontological,,485,0,0,0,0,0
gpt55_light,gpt55,DS06a,utilitarian,,482,0,0,0,0,0
gpt55_light,gpt55,DS06c,utilitarian,utilitarian,477,2,0,0,0,0
gpt55_light,gpt55,DS07a,utilitarian,,452,0,0,0,0,0
gpt55_light,gpt55,DS07b,utilitarian,utilitarian,483,1,0,0,0,1
gpt55_light,gpt55,DS07c,contractualist,,481,0,0,0,0,0
gpt55_light,gpt55,DS09a,deontological,,540,0,0,0,0,0
gpt55_light,gpt55,DS09b,deontological,,519,0,0,0,0,0
gpt55_light,gpt55,DS09c,deontological,,571,0,0,0,0,0
gpt55_light,gpt55,DS10a,deontological,care_ethics,444,0,0,0,1,0
gpt55_light,gpt55,DS10b,deontological,,526,0,0,0,0,0
gpt55_light,gpt55,CD02,contractualist,deontological,441,0,1,0,0,1
gpt55_light,gpt55,CD04,utilitarian,utilitarian,521,1,0,0,0,0
gpt55_light,gpt55,CD07,utilitarian,,409,0,0,0,0,0
gpt55_light,gpt55,CD09,utilitarian,,487,0,0,0,0,0
qwen35_light,qwen35,TP01,utilitarian,utilitarian,5743,16,4,1,0,1
qwen35_light,qwen35,TP02,deontological,utilitarian,4153,7,7,0,0,0
qwen35_light,qwen35,TP01,utilitarian,utilitarian,7624,24,3,1,0,1
qwen35_light,qwen35,TP01,utilitarian,utilitarian,8848,26,4,2,0,2
qwen35_light,qwen35,TP02,deontological,deontological,3773,8,10,0,0,0
qwen35_light,qwen35,TP02,deontological,deontological,8571,9,10,1,0,1
qwen35_light,qwen35,TP03,utilitarian,utilitarian,5009,18,4,1,0,1
qwen35_light,qwen35,TP03,utilitarian,utilitarian,12755,25,5,2,0,2
qwen35_light,qwen35,TP03,utilitarian,utilitarian,11574,21,5,3,0,2
qwen35_light,qwen35,TP04,deontological,utilitarian,7002,16,12,3,0,2
qwen35_light,qwen35,TP04,deontological,utilitarian,8742,16,13,2,0,2
qwen35_light,qwen35,TP04,deontological,utilitarian,10214,30,14,2,0,2
qwen35_light,qwen35,TP05,utilitarian,utilitarian,7956,26,2,1,0,1
qwen35_light,qwen35,TP05,utilitarian,utilitarian,10210,21,3,2,0,1
qwen35_light,qwen35,TP05,utilitarian,utilitarian,8016,34,2,1,0,1
qwen35_light,qwen35,TP06,utilitarian,utilitarian,14597,36,14,2,0,3
qwen35_light,qwen35,TP06,utilitarian,utilitarian,10028,42,9,2,0,2
qwen35_light,qwen35,TP07,deontological,utilitarian,13487,29,18,1,0,1
qwen35_light,qwen35,TP08,utilitarian,utilitarian,15500,24,3,1,0,1
qwen35_light,qwen35,TP09,utilitarian,utilitarian,6826,23,4,1,7,1
qwen35_light,qwen35,TP09,utilitarian,utilitarian,7935,27,4,2,5,0
qwen35_light,qwen35,TP09,utilitarian,utilitarian,8242,31,4,1,0,1
qwen35_light,qwen35,TP10,utilitarian,utilitarian,12809,32,7,2,0,1
qwen35_light,qwen35,TP10,utilitarian,utilitarian,7635,25,7,3,2,1
qwen35_light,qwen35,TP11,deontological,deontological,8324,14,23,1,0,0
qwen35_light,qwen35,TP10,utilitarian,utilitarian,9466,34,10,1,0,1
qwen35_light,qwen35,TP12,utilitarian,utilitarian,7897,21,3,1,0,1
qwen35_light,qwen35,TP11,deontological,deontological,15339,17,38,3,0,1
qwen35_light,qwen35,TP11,deontological,deontological,13951,38,40,3,0,2
qwen35_light,qwen35,TP12,utilitarian,utilitarian,11360,20,5,4,0,2
qwen35_light,qwen35,TP12,utilitarian,utilitarian,13366,16,4,1,0,1
qwen35_light,qwen35,TP13,utilitarian,utilitarian,13435,25,4,2,0,2
qwen35_light,qwen35,TP13,utilitarian,utilitarian,8127,22,2,1,1,1
qwen35_light,qwen35,TP13,utilitarian,utilitarian,14909,36,5,2,0,2
qwen35_light,qwen35,TP14,utilitarian,utilitarian,11354,21,4,4,2,2
qwen35_light,qwen35,TP14,utilitarian,utilitarian,7242,17,9,1,6,1
qwen35_light,qwen35,TP14,utilitarian,utilitarian,14423,25,6,5,5,2
qwen35_light,qwen35,TP15,utilitarian,utilitarian,5609,10,3,0,0,0
qwen35_light,qwen35,TP15,utilitarian,utilitarian,5389,9,1,0,0,0
qwen35_light,qwen35,TP15,utilitarian,utilitarian,5887,12,2,1,0,1
qwen35_light,qwen35,MF01,utilitarian,utilitarian,14099,45,8,2,0,1
qwen35_light,qwen35,MF01,utilitarian,utilitarian,13630,34,4,1,0,1
qwen35_light,qwen35,MF01,utilitarian,utilitarian,11253,36,7,1,0,1
qwen35_light,qwen35,MF02,utilitarian,utilitarian,10128,14,11,3,3,1
qwen35_light,qwen35,MF02,utilitarian,utilitarian,11357,17,8,2,0,1
qwen35_light,qwen35,MF02,utilitarian,utilitarian,4815,12,4,3,1,1
qwen35_light,qwen35,MF03,utilitarian,utilitarian,11845,31,3,2,2,2
qwen35_light,qwen35,MF03,utilitarian,utilitarian,6076,14,2,1,1,1
qwen35_light,qwen35,MF03,utilitarian,utilitarian,11592,31,2,1,0,1
qwen35_light,qwen35,MF04,utilitarian,utilitarian,6250,16,5,1,1,1
qwen35_light,qwen35,MF04,utilitarian,utilitarian,9926,24,2,1,0,1
qwen35_light,qwen35,MF04,utilitarian,utilitarian,11723,41,5,3,0,2
qwen35_light,qwen35,MF05,utilitarian,utilitarian,8756,14,2,1,0,1
qwen35_light,qwen35,MF05,utilitarian,utilitarian,13161,14,2,3,0,1
qwen35_light,qwen35,MF06,deontological,deontological,10729,13,31,5,5,1
qwen35_light,qwen35,MF05,utilitarian,utilitarian,16090,28,4,7,3,1
qwen35_light,qwen35,MF06,deontological,deontological,14812,14,46,1,0,1
qwen35_light,qwen35,MF06,deontological,deontological,13234,30,53,1,0,1
qwen35_light,qwen35,MF07,deontological,utilitarian,14375,18,13,0,0,3
qwen35_light,qwen35,MF07,utilitarian,utilitarian,13894,47,7,1,0,2
qwen35_light,qwen35,MF07,deontological,deontological,13974,21,22,1,0,3
qwen35_light,qwen35,MF08,contractualist,contractualist,10945,11,3,1,0,28
qwen35_light,qwen35,MF08,contractualist,contractualist,9058,8,4,2,0,19
qwen35_light,qwen35,MF09,deontological,deontological,8192,8,23,2,3,1
qwen35_light,qwen35,MF08,contractualist,contractualist,13916,7,16,4,0,37
qwen35_light,qwen35,MF09,deontological,deontological,12376,13,27,2,6,1
qwen35_light,qwen35,MF09,deontological,deontological,14459,4,26,2,4,2
qwen35_light,qwen35,MF10,contractualist,utilitarian,13159,46,35,1,0,24
qwen35_light,qwen35,MF10,contractualist,contractualist,12417,19,34,3,0,35
qwen35_light,qwen35,MF10,contractualist,contractualist,14097,22,11,5,0,29
qwen35_light,qwen35,MF11,utilitarian,utilitarian,6459,15,8,2,3,0
qwen35_light,qwen35,MF11,utilitarian,utilitarian,6019,13,11,2,6,1
qwen35_light,qwen35,MF11,utilitarian,utilitarian,9138,17,15,4,6,2
qwen35_light,qwen35,MF12,utilitarian,deontological,9859,18,20,4,0,2
qwen35_light,qwen35,MF12,utilitarian,utilitarian,14133,24,15,2,2,1
qwen35_light,qwen35,MF13,deontological,deontological,5224,3,26,0,0,0
qwen35_light,qwen35,MF13,deontological,deontological,8662,8,33,5,0,2
qwen35_light,qwen35,MF12,utilitarian,utilitarian,12790,33,29,3,0,3
qwen35_light,qwen35,MF13,deontological,deontological,12274,6,35,3,0,3
qwen35_light,qwen35,MF14,deontological,deontological,9048,6,24,1,0,9
qwen35_light,qwen35,MF14,contractualist,contractualist,7955,4,14,2,0,28
qwen35_light,qwen35,MF15,deontological,deontological,7167,10,30,2,0,2
qwen35_light,qwen35,MF15,deontological,deontological,10276,10,39,2,0,1
qwen35_light,qwen35,MF15,deontological,deontological,9640,10,34,3,0,1
qwen35_light,qwen35,MF14,deontological,deontological,9096,4,31,4,0,10
qwen35_light,qwen35,MF16,utilitarian,utilitarian,9598,19,14,1,0,2
qwen35_light,qwen35,MF16,utilitarian,utilitarian,10985,26,11,3,0,5
qwen35_light,qwen35,MF16,utilitarian,utilitarian,14531,47,13,3,0,5
qwen35_light,qwen35,MF17,virtue_ethics,virtue_ethics,10017,9,20,36,0,1
qwen35_light,qwen35,MF17,deontological,deontological,13626,7,44,12,0,3
qwen35_light,qwen35,MF17,virtue_ethics,virtue_ethics,9877,11,19,33,0,1
qwen35_light,qwen35,MF18,utilitarian,utilitarian,14029,21,17,4,0,2
qwen35_light,qwen35,MF18,deontological,deontological,10753,4,29,5,0,3
qwen35_light,qwen35,MF19,utilitarian,utilitarian,11421,20,15,6,0,3
qwen35_light,qwen35,MF19,utilitarian,utilitarian,11931,28,13,6,0,7
qwen35_light,qwen35,MF19,utilitarian,utilitarian,13072,30,7,5,0,2
qwen35_light,qwen35,MF20,utilitarian,utilitarian,12344,28,8,4,0,3
qwen35_light,qwen35,MF21,utilitarian,utilitarian,5573,13,4,1,0,4
qwen35_light,qwen35,MF20,utilitarian,utilitarian,11750,38,11,2,1,1
qwen35_light,qwen35,MF20,utilitarian,utilitarian,8364,23,5,2,0,1
qwen35_light,qwen35,MF21,utilitarian,utilitarian,8710,25,12,1,0,2
qwen35_light,qwen35,MF21,utilitarian,utilitarian,14695,29,5,2,0,2
qwen35_light,qwen35,MF23,deontological,deontological,15152,5,36,2,2,8
qwen35_light,qwen35,MF24,utilitarian,utilitarian,10846,31,16,4,6,1
qwen35_light,qwen35,MF24,utilitarian,utilitarian,12637,33,31,3,1,2
qwen35_light,qwen35,MF24,utilitarian,utilitarian,7128,23,15,1,3,1
qwen35_light,qwen35,MF25,utilitarian,utilitarian,12897,44,11,7,0,2
qwen35_light,qwen35,MF23,deontological,deontological,16464,2,34,3,6,0
qwen35_light,qwen35,MF25,utilitarian,utilitarian,13769,37,9,2,0,2
qwen35_light,qwen35,PC01a,utilitarian,utilitarian,4641,18,2,0,0,0
qwen35_light,qwen35,PC01a,utilitarian,utilitarian,7729,25,2,2,0,1
qwen35_light,qwen35,PC01b,utilitarian,utilitarian,8172,22,3,2,0,1
qwen35_light,qwen35,PC01a,utilitarian,utilitarian,6417,16,2,2,0,1
qwen35_light,qwen35,PC01b,utilitarian,utilitarian,6292,27,3,1,0,1
qwen35_light,qwen35,PC01b,utilitarian,utilitarian,12497,36,8,4,0,4
qwen35_light,qwen35,PC02a,utilitarian,utilitarian,6547,18,9,3,1,1
qwen35_light,qwen35,PC02a,utilitarian,utilitarian,12741,28,13,7,1,2
qwen35_light,qwen35,PC02a,utilitarian,utilitarian,8939,19,9,4,0,1
qwen35_light,qwen35,PC02b,utilitarian,deontological,7196,21,26,3,4,1
qwen35_light,qwen35,PC02b,utilitarian,utilitarian,10277,23,19,2,4,1
qwen35_light,qwen35,PC02b,utilitarian,utilitarian,11701,31,25,3,3,2
qwen35_light,qwen35,PC03a,care_ethics,deontological,12547,3,17,9,17,2
qwen35_light,qwen35,PC03a,care_ethics,care_ethics,11492,7,16,8,17,1
qwen35_light,qwen35,PC03b,care_ethics,care_ethics,16123,2,11,7,13,1
qwen35_light,qwen35,PC04a,deontological,deontological,8322,10,15,2,0,0
qwen35_light,qwen35,PC03b,care_ethics,deontological,16572,6,25,8,19,1
qwen35_light,qwen35,PC04a,deontological,deontological,4363,6,15,2,1,1
qwen35_light,qwen35,PC04a,deontological,utilitarian,4188,10,10,0,0,0
qwen35_light,qwen35,PC03b,care_ethics,care_ethics,15564,4,15,3,18,1
qwen35_light,qwen35,PC04b,deontological,utilitarian,8094,16,13,1,0,3
qwen35_light,qwen35,PC04b,deontological,utilitarian,5239,12,12,1,0,1
qwen35_light,qwen35,PC04b,deontological,deontological,7546,12,19,1,0,1
qwen35_light,qwen35,PC05a,utilitarian,utilitarian,4646,13,2,0,0,2
qwen35_light,qwen35,PC05a,utilitarian,utilitarian,8533,23,2,2,0,1
qwen35_light,qwen35,PC05b,utilitarian,utilitarian,6321,19,1,1,0,1
qwen35_light,qwen35,PC05a,utilitarian,utilitarian,13996,29,5,2,0,3
qwen35_light,qwen35,PC05b,utilitarian,utilitarian,12544,30,2,1,0,2
qwen35_light,qwen35,PC05b,utilitarian,utilitarian,12226,29,4,1,0,4
qwen35_light,qwen35,PC06a,deontological,deontological,8156,4,24,1,0,8
qwen35_light,qwen35,PC06a,contractualist,contractualist,12870,11,24,1,0,28
qwen35_light,qwen35,PC06a,deontological,deontological,6228,3,16,0,0,5
qwen35_light,qwen35,PC06b,utilitarian,utilitarian,15133,27,20,6,0,15
qwen35_light,qwen35,PC06b,deontological,deontological,15204,9,57,5,0,13
qwen35_light,qwen35,PC07a,utilitarian,utilitarian,7296,18,7,2,2,3
qwen35_light,qwen35,PC07a,utilitarian,utilitarian,7263,10,3,1,1,3
qwen35_light,qwen35,PC06b,contractualist,contractualist,16185,7,8,3,0,23
qwen35_light,qwen35,PC07a,utilitarian,utilitarian,8335,16,8,2,6,4
qwen35_light,qwen35,PC07b,utilitarian,utilitarian,10866,16,15,3,0,4
qwen35_light,qwen35,PC07b,utilitarian,deontological,12266,18,19,3,0,4
qwen35_light,qwen35,PC08a,utilitarian,utilitarian,10788,30,10,5,4,1
qwen35_light,qwen35,PC08a,utilitarian,utilitarian,11883,43,22,2,0,2
qwen35_light,qwen35,PC08b,utilitarian,utilitarian,10646,44,20,3,2,2
qwen35_light,qwen35,PC08a,deontological,deontological,13811,42,49,5,2,3
qwen35_light,qwen35,PC08b,utilitarian,utilitarian,13259,38,17,4,1,3
qwen35_light,qwen35,PC09a,deontological,deontological,5962,7,19,0,0,0
qwen35_light,qwen35,PC08b,utilitarian,utilitarian,13978,39,20,4,5,3
qwen35_light,qwen35,PC09b,deontological,deontological,9483,14,37,0,0,0
qwen35_light,qwen35,PC09b,deontological,deontological,11427,6,29,1,0,1
qwen35_light,qwen35,PC09a,deontological,deontological,7651,11,31,2,0,0
qwen35_light,qwen35,PC10a,utilitarian,utilitarian,7545,25,6,3,0,2
qwen35_light,qwen35,PC10a,utilitarian,utilitarian,10867,38,6,5,0,3
qwen35_light,qwen35,PC10a,utilitarian,utilitarian,12797,36,4,2,0,2
qwen35_light,qwen35,PC10b,deontological,deontological,10806,19,24,3,1,2
qwen35_light,qwen35,PC09b,deontological,deontological,9468,10,28,1,0,1
qwen35_light,qwen35,PC10b,deontological,deontological,9564,17,21,3,2,2
qwen35_light,qwen35,DS01a,deontological,deontological,8242,9,27,2,0,4
qwen35_light,qwen35,PC10b,deontological,deontological,13169,22,30,4,2,2
qwen35_light,qwen35,DS01b,deontological,deontological,7668,11,23,2,2,5
qwen35_light,qwen35,DS01a,deontological,deontological,14667,11,35,2,3,5
qwen35_light,qwen35,DS01a,deontological,deontological,9375,12,33,2,3,4
qwen35_light,qwen35,DS01c,deontological,deontological,5108,5,16,1,0,1
qwen35_light,qwen35,DS01b,deontological,deontological,7761,11,26,2,0,2
qwen35_light,qwen35,DS01b,deontological,deontological,7641,6,27,1,0,3
qwen35_light,qwen35,DS01c,deontological,deontological,6223,7,25,5,0,1
qwen35_light,qwen35,DS01c,deontological,deontological,9363,7,25,1,2,3
qwen35_light,qwen35,DS02a,utilitarian,utilitarian,9401,27,4,4,10,3
qwen35_light,qwen35,DS02a,utilitarian,utilitarian,6500,21,8,1,8,2
qwen35_light,qwen35,DS02b,care_ethics,care_ethics,8681,11,4,3,19,2
qwen35_light,qwen35,DS02b,care_ethics,deontological,8497,10,12,2,11,1
qwen35_light,qwen35,DS02c,deontological,deontological,8093,7,23,2,0,3
qwen35_light,qwen35,DS02b,care_ethics,care_ethics,10748,16,13,3,28,1
qwen35_light,qwen35,DS02c,deontological,deontological,5324,5,16,2,0,2
qwen35_light,qwen35,DS02a,care_ethics,deontological,8960,9,13,3,12,1
qwen35_light,qwen35,DS02c,deontological,deontological,3902,2,6,1,0,4
qwen35_light,qwen35,DS03a,deontological,deontological,12115,3,14,1,5,0
qwen35_light,qwen35,DS03a,deontological,deontological,16909,3,21,3,5,2
qwen35_light,qwen35,DS03b,deontological,deontological,15826,3,18,1,0,1
qwen35_light,qwen35,DS03b,deontological,deontological,15437,6,25,2,3,2
qwen35_light,qwen35,DS03c,care_ethics,care_ethics,14267,13,9,2,16,2
qwen35_light,qwen35,DS03c,deontological,deontological,16425,3,12,2,1,1
qwen35_light,qwen35,DS03c,deontological,deontological,16853,2,17,7,7,2
qwen35_light,qwen35,DS04a,deontological,deontological,14089,17,55,2,3,1
qwen35_light,qwen35,DS04a,deontological,deontological,7346,7,32,2,5,0
qwen35_light,qwen35,DS04b,deontological,deontological,8209,9,31,5,8,1
qwen35_light,qwen35,DS04b,deontological,deontological,9686,11,29,3,12,1
qwen35_light,qwen35,DS04b,deontological,deontological,4301,5,18,0,3,1
qwen35_light,qwen35,DS04c,deontological,deontological,9087,10,37,2,6,1
qwen35_light,qwen35,DS04a,deontological,deontological,9319,9,31,2,5,1
qwen35_light,qwen35,DS04c,deontological,deontological,6141,8,29,3,1,1
qwen35_light,qwen35,DS05a,deontological,deontological,12191,21,30,1,0,2
qwen35_light,qwen35,DS04c,deontological,deontological,9668,10,38,1,9,0
qwen35_light,qwen35,DS05b,deontological,deontological,10858,12,22,7,0,1
qwen35_light,qwen35,DS05b,deontological,deontological,8265,6,13,1,0,2
qwen35_light,qwen35,DS05c,deontological,deontological,11362,6,17,1,0,1
qwen35_light,qwen35,DS05c,other,deontological,11816,21,38,2,0,5
qwen35_light,qwen35,DS05c,deontological,utilitarian,15421,18,14,1,0,1
qwen35_light,qwen35,DS06a,utilitarian,utilitarian,15186,24,2,4,0,3
qwen35_light,qwen35,DS05b,deontological,deontological,12533,15,20,3,0,2
qwen35_light,qwen35,DS06a,utilitarian,utilitarian,8804,26,1,4,0,2
qwen35_light,qwen35,DS06a,utilitarian,utilitarian,14720,31,3,5,0,4
qwen35_light,qwen35,DS06b,utilitarian,utilitarian,10775,17,2,2,2,1
qwen35_light,qwen35,DS06c,utilitarian,utilitarian,8440,21,2,2,0,1
qwen35_light,qwen35,DS06b,utilitarian,utilitarian,12381,39,4,1,0,1
qwen35_light,qwen35,DS06b,utilitarian,utilitarian,14260,23,4,4,0,2
qwen35_light,qwen35,DS06c,utilitarian,utilitarian,13930,31,2,2,0,5
qwen35_light,qwen35,DS06c,utilitarian,utilitarian,11325,29,2,1,3,2
qwen35_light,qwen35,DS07a,utilitarian,utilitarian,12056,46,5,2,0,4
qwen35_light,qwen35,DS07a,utilitarian,utilitarian,14225,41,3,1,0,7
qwen35_light,qwen35,DS07b,utilitarian,utilitarian,10493,31,8,1,0,1
qwen35_light,qwen35,DS07a,utilitarian,utilitarian,13470,43,3,2,0,5
qwen35_light,qwen35,DS07b,utilitarian,utilitarian,10446,30,4,0,0,0
qwen35_light,qwen35,DS07c,utilitarian,utilitarian,9528,24,5,1,0,1
qwen35_light,qwen35,DS07b,utilitarian,utilitarian,10394,22,2,0,0,0
qwen35_light,qwen35,DS07c,utilitarian,utilitarian,8213,26,3,0,0,2
qwen35_light,qwen35,DS07c,utilitarian,utilitarian,10901,27,5,2,0,5
qwen35_light,qwen35,DS08a,deontological,deontological,8171,3,15,1,0,1
qwen35_light,qwen35,DS08a,deontological,deontological,11165,3,17,1,0,2
qwen35_light,qwen35,DS08a,deontological,deontological,14334,4,18,3,0,4
qwen35_light,qwen35,DS08b,deontological,deontological,12123,6,18,1,0,1
qwen35_light,qwen35,DS08b,deontological,deontological,12922,3,11,2,1,1
qwen35_light,qwen35,DS08b,deontological,deontological,13780,3,17,3,3,4
qwen35_light,qwen35,DS08c,deontological,deontological,14703,3,14,2,1,3
qwen35_light,qwen35,DS08c,deontological,deontological,10973,6,18,3,0,5
qwen35_light,qwen35,DS09a,deontological,deontological,11595,6,30,5,2,2
qwen35_light,qwen35,DS08c,deontological,deontological,6105,1,14,0,0,2
qwen35_light,qwen35,DS09a,deontological,deontological,13305,6,30,4,0,2
qwen35_light,qwen35,DS09b,deontological,deontological,15938,14,32,2,0,1
qwen35_light,qwen35,DS09a,deontological,deontological,10229,7,18,5,2,3
qwen35_light,qwen35,DS09b,deontological,deontological,10281,8,28,3,3,1
qwen35_light,qwen35,DS09c,deontological,deontological,9999,2,23,4,0,1
qwen35_light,qwen35,DS09c,deontological,deontological,8804,7,28,4,2,3
qwen35_light,qwen35,DS10a,deontological,care_ethics,7105,5,13,4,16,2
qwen35_light,qwen35,DS09c,deontological,deontological,5686,1,22,0,1,1
qwen35_light,qwen35,DS10b,deontological,deontological,7508,4,12,1,8,3
qwen35_light,qwen35,DS10a,deontological,deontological,11634,6,27,1,8,3
qwen35_light,qwen35,DS10b,deontological,deontological,7574,8,18,4,14,3
qwen35_light,qwen35,DS10a,deontological,deontological,13850,8,24,5,8,3
qwen35_light,qwen35,DS10c,deontological,deontological,10849,4,32,4,7,8
qwen35_light,qwen35,DS10b,deontological,care_ethics,13459,2,11,2,16,1
qwen35_light,qwen35,DS10c,deontological,deontological,9433,5,23,5,10,6
qwen35_light,qwen35,DS10c,deontological,deontological,9063,2,19,1,5,6
qwen35_light,qwen35,CD01,deontological,deontological,13876,15,33,2,0,3
qwen35_light,qwen35,CD02,deontological,deontological,10226,24,35,2,0,8
qwen35_light,qwen35,CD02,deontological,utilitarian,10214,25,25,8,0,6
qwen35_light,qwen35,CD02,deontological,deontological,11426,19,20,3,4,2
qwen35_light,qwen35,CD03,utilitarian,utilitarian,6962,18,16,1,0,4
qwen35_light,qwen35,CD03,utilitarian,utilitarian,14581,34,16,1,0,3
qwen35_light,qwen35,CD03,deontological,deontological,11743,20,49,2,2,1
qwen35_light,qwen35,CD04,utilitarian,utilitarian,11221,12,2,1,0,1
qwen35_light,qwen35,CD04,utilitarian,utilitarian,6930,14,4,1,1,2
qwen35_light,qwen35,CD05,utilitarian,utilitarian,7553,21,6,1,0,1
qwen35_light,qwen35,CD05,utilitarian,utilitarian,8403,21,5,3,0,2
qwen35_light,qwen35,CD04,utilitarian,utilitarian,12203,23,10,4,8,2
qwen35_light,qwen35,CD06,contractualist,contractualist,10376,7,7,2,4,16
qwen35_light,qwen35,CD06,contractualist,contractualist,11793,4,4,2,0,13
qwen35_light,qwen35,CD07,deontological,deontological,7174,9,22,0,0,0
qwen35_light,qwen35,CD05,utilitarian,utilitarian,8034,18,4,1,0,0
qwen35_light,qwen35,CD07,deontological,deontological,6881,9,25,1,0,1
qwen35_light,qwen35,CD07,utilitarian,utilitarian,14714,42,21,3,0,3
qwen35_light,qwen35,CD08,utilitarian,utilitarian,7967,26,11,1,8,3
qwen35_light,qwen35,CD08,utilitarian,utilitarian,8420,24,13,1,5,2
qwen35_light,qwen35,CD08,utilitarian,utilitarian,10976,28,10,1,4,5
qwen35_light,qwen35,CD09,utilitarian,utilitarian,8761,18,2,3,0,2
qwen35_light,qwen35,CD10,deontological,deontological,6013,4,18,1,0,2
qwen35_light,qwen35,CD09,utilitarian,utilitarian,14567,18,7,4,1,2
qwen35_light,qwen35,CD10,deontological,deontological,6053,5,9,2,0,0
qwen35_light,qwen35,CD10,deontological,deontological,10896,13,17,2,0,2
qwen35_light,qwen35,CD09,utilitarian,utilitarian,12556,23,3,1,2,2
qwen35_light,qwen35,TP06,utilitarian,utilitarian,13455,59,10,6,1,3
qwen35_light,qwen35,TP07,deontological,deontological,15440,6,18,1,0,2
qwen35_light,qwen35,TP08,utilitarian,utilitarian,15255,25,3,1,0,1
qwen35_light,qwen35,TP08,utilitarian,utilitarian,13741,25,1,1,0,1
qwen35_light,qwen35,MF18,utilitarian,utilitarian,13356,20,13,3,0,2
qwen35_light,qwen35,MF23,deontological,deontological,13237,7,39,1,8,0
qwen35_light,qwen35,MF25,utilitarian,utilitarian,7511,21,8,2,0,1
qwen35_light,qwen35,PC09a,deontological,deontological,7244,12,31,1,0,1
qwen35_light,qwen35,PC07b,utilitarian,deontological,14948,18,27,3,2,3
qwen35_light,qwen35,DS03b,deontological,deontological,16625,8,20,1,5,1
qwen35_light,qwen35,PC03a,deontological,deontological,12895,4,27,3,14,2
qwen35_light,qwen35,DS05a,deontological,deontological,11058,5,19,1,1,2
qwen35_light,qwen35,DS09b,deontological,deontological,11054,2,27,2,0,1
qwen35_light,qwen35,DS05a,deontological,deontological,7655,8,10,1,0,1
qwen35_light,qwen35,CD01,utilitarian,utilitarian,13713,36,11,1,0,1
qwen35_light,qwen35,CD01,utilitarian,utilitarian,10605,21,4,1,0,1
qwen35_light,qwen35,CD06,contractualist,contractualist,13858,7,5,1,9,16
qwen35_light,qwen35,DS03a,care_ethics,care_ethics,12601,6,6,1,20,0
